Concentration,Time,Type,Uptake
4 uM,0,Intracellular,0.00E+00
4 uM,0.016666667,Intracellular,1.00E-11
4 uM,0.033333333,Intracellular,5.73E+00
4 uM,0.05,Intracellular,1.15E+01
4 uM,0.066666667,Intracellular,1.70E+01
4 uM,0.083333333,Intracellular,2.23E+01
4 uM,0.1,Intracellular,2.72E+01
4 uM,0.116666667,Intracellular,3.18E+01
4 uM,0.133333333,Intracellular,3.61E+01
4 uM,0.15,Intracellular,4.01E+01
4 uM,0.166666667,Intracellular,4.38E+01
4 uM,0.183333333,Intracellular,4.73E+01
4 uM,0.2,Intracellular,5.05E+01
4 uM,0.216666667,Intracellular,5.35E+01
4 uM,0.233333333,Intracellular,5.63E+01
,0.25,Intracellular,5.89E+01
,0.266666667,Intracellular,6.14E+01
,0.283333333,Intracellular,6.38E+01
,0.3,Intracellular,6.60E+01
,0.316666667,Intracellular,6.81E+01
,0.333333333,Intracellular,7.00E+01
,0.35,Intracellular,7.19E+01
,0.366666667,Intracellular,7.37E+01
,0.383333333,Intracellular,7.54E+01
,0.4,Intracellular,7.71E+01
,0.416666667,Intracellular,7.87E+01
,0.433333333,Intracellular,8.02E+01
,0.45,Intracellular,8.17E+01
,0.466666667,Intracellular,8.31E+01
,0.483333333,Intracellular,8.45E+01
,0.5,Intracellular,8.58E+01
,0.516666667,Intracellular,8.71E+01
,0.533333333,Intracellular,8.84E+01
,0.55,Intracellular,8.96E+01
,0.566666667,Intracellular,9.09E+01
,0.583333333,Intracellular,9.20E+01
,0.6,Intracellular,9.32E+01
,0.616666667,Intracellular,9.44E+01
,0.633333333,Intracellular,9.55E+01
,0.65,Intracellular,9.66E+01
,0.666666667,Intracellular,9.77E+01
,0.683333333,Intracellular,9.88E+01
,0.7,Intracellular,9.99E+01
,0.716666667,Intracellular,1.01E+02
,0.733333333,Intracellular,1.02E+02
,0.75,Intracellular,1.03E+02
,0.766666667,Intracellular,1.04E+02
,0.783333333,Intracellular,1.05E+02
,0.8,Intracellular,1.06E+02
,0.816666667,Intracellular,1.07E+02
,0.833333333,Intracellular,1.08E+02
,0.85,Intracellular,1.09E+02
,0.866666667,Intracellular,1.10E+02
,0.883333333,Intracellular,1.11E+02
,0.9,Intracellular,1.12E+02
,0.916666667,Intracellular,1.13E+02
,0.933333333,Intracellular,1.14E+02
,0.95,Intracellular,1.15E+02
,0.966666667,Intracellular,1.16E+02
,0.983333333,Intracellular,1.17E+02
,1,Intracellular,1.18E+02
,1.016666667,Intracellular,1.19E+02
,1.033333333,Intracellular,1.20E+02
,1.05,Intracellular,1.21E+02
,1.066666667,Intracellular,1.22E+02
,1.083333333,Intracellular,1.23E+02
,1.1,Intracellular,1.24E+02
,1.116666667,Intracellular,1.25E+02
,1.133333333,Intracellular,1.26E+02
,1.15,Intracellular,1.27E+02
,1.166666667,Intracellular,1.28E+02
,1.183333333,Intracellular,1.29E+02
,1.2,Intracellular,1.30E+02
,1.216666667,Intracellular,1.31E+02
,1.233333333,Intracellular,1.32E+02
,1.25,Intracellular,1.33E+02
,1.266666667,Intracellular,1.34E+02
,1.283333333,Intracellular,1.35E+02
,1.3,Intracellular,1.36E+02
,1.316666667,Intracellular,1.37E+02
,1.333333333,Intracellular,1.38E+02
,1.35,Intracellular,1.39E+02
,1.366666667,Intracellular,1.40E+02
,1.383333333,Intracellular,1.41E+02
,1.4,Intracellular,1.42E+02
,1.416666667,Intracellular,1.43E+02
,1.433333333,Intracellular,1.44E+02
,1.45,Intracellular,1.45E+02
,1.466666667,Intracellular,1.46E+02
,1.483333333,Intracellular,1.47E+02
,1.5,Intracellular,1.48E+02
,1.516666667,Intracellular,1.49E+02
,1.533333333,Intracellular,1.50E+02
,1.55,Intracellular,1.50E+02
,1.566666667,Intracellular,1.51E+02
,1.583333333,Intracellular,1.52E+02
,1.6,Intracellular,1.53E+02
,1.616666667,Intracellular,1.54E+02
,1.633333333,Intracellular,1.55E+02
,1.65,Intracellular,1.56E+02
,1.666666667,Intracellular,1.57E+02
,1.683333333,Intracellular,1.58E+02
,1.7,Intracellular,1.59E+02
,1.716666667,Intracellular,1.60E+02
,1.733333333,Intracellular,1.61E+02
,1.75,Intracellular,1.62E+02
,1.766666667,Intracellular,1.63E+02
,1.783333333,Intracellular,1.64E+02
,1.8,Intracellular,1.65E+02
,1.816666667,Intracellular,1.66E+02
,1.833333333,Intracellular,1.67E+02
,1.85,Intracellular,1.68E+02
,1.866666667,Intracellular,1.69E+02
,1.883333333,Intracellular,1.70E+02
,1.9,Intracellular,1.71E+02
,1.916666667,Intracellular,1.72E+02
,1.933333333,Intracellular,1.73E+02
,1.95,Intracellular,1.74E+02
,1.966666667,Intracellular,1.75E+02
,1.983333333,Intracellular,1.76E+02
,2,Intracellular,1.77E+02
,2.016666667,Intracellular,1.78E+02
,2.033333333,Intracellular,1.79E+02
,2.05,Intracellular,1.80E+02
,2.066666667,Intracellular,1.81E+02
,2.083333333,Intracellular,1.82E+02
,2.1,Intracellular,1.83E+02
,2.116666667,Intracellular,1.84E+02
,2.133333333,Intracellular,1.84E+02
,2.15,Intracellular,1.85E+02
,2.166666667,Intracellular,1.86E+02
,2.183333333,Intracellular,1.87E+02
,2.2,Intracellular,1.88E+02
,2.216666667,Intracellular,1.89E+02
,2.233333333,Intracellular,1.90E+02
,2.25,Intracellular,1.91E+02
,2.266666667,Intracellular,1.92E+02
,2.283333333,Intracellular,1.93E+02
,2.3,Intracellular,1.94E+02
,2.316666667,Intracellular,1.95E+02
,2.333333333,Intracellular,1.96E+02
,2.35,Intracellular,1.97E+02
,2.366666667,Intracellular,1.98E+02
,2.383333333,Intracellular,1.99E+02
,2.4,Intracellular,2.00E+02
,2.416666667,Intracellular,2.01E+02
,2.433333333,Intracellular,2.02E+02
,2.45,Intracellular,2.03E+02
,2.466666667,Intracellular,2.04E+02
,2.483333333,Intracellular,2.05E+02
,2.5,Intracellular,2.06E+02
,2.516666667,Intracellular,2.07E+02
,2.533333333,Intracellular,2.08E+02
,2.55,Intracellular,2.09E+02
,2.566666667,Intracellular,2.10E+02
,2.583333333,Intracellular,2.11E+02
,2.6,Intracellular,2.12E+02
,2.616666667,Intracellular,2.13E+02
,2.633333333,Intracellular,2.14E+02
,2.65,Intracellular,2.15E+02
,2.666666667,Intracellular,2.16E+02
,2.683333333,Intracellular,2.17E+02
,2.7,Intracellular,2.18E+02
,2.716666667,Intracellular,2.18E+02
,2.733333333,Intracellular,2.19E+02
,2.75,Intracellular,2.20E+02
,2.766666667,Intracellular,2.21E+02
,2.783333333,Intracellular,2.22E+02
,2.8,Intracellular,2.23E+02
,2.816666667,Intracellular,2.24E+02
,2.833333333,Intracellular,2.25E+02
,2.85,Intracellular,2.26E+02
,2.866666667,Intracellular,2.27E+02
,2.883333333,Intracellular,2.28E+02
,2.9,Intracellular,2.29E+02
,2.916666667,Intracellular,2.30E+02
,2.933333333,Intracellular,2.31E+02
,2.95,Intracellular,2.32E+02
,2.966666667,Intracellular,2.33E+02
,2.983333333,Intracellular,2.34E+02
,3,Intracellular,2.35E+02
,3.016666667,Intracellular,2.36E+02
,3.033333333,Intracellular,2.37E+02
,3.05,Intracellular,2.38E+02
,3.066666667,Intracellular,2.39E+02
,3.083333333,Intracellular,2.40E+02
,3.1,Intracellular,2.41E+02
,3.116666667,Intracellular,2.42E+02
,3.133333333,Intracellular,2.43E+02
,3.15,Intracellular,2.44E+02
,3.166666667,Intracellular,2.45E+02
,3.183333333,Intracellular,2.46E+02
,3.2,Intracellular,2.47E+02
,3.216666667,Intracellular,2.48E+02
,3.233333333,Intracellular,2.49E+02
,3.25,Intracellular,2.50E+02
,3.266666667,Intracellular,2.51E+02
,3.283333333,Intracellular,2.52E+02
,3.3,Intracellular,2.52E+02
,3.316666667,Intracellular,2.53E+02
,3.333333333,Intracellular,2.54E+02
,3.35,Intracellular,2.55E+02
,3.366666667,Intracellular,2.56E+02
,3.383333333,Intracellular,2.57E+02
,3.4,Intracellular,2.58E+02
,3.416666667,Intracellular,2.59E+02
,3.433333333,Intracellular,2.60E+02
,3.45,Intracellular,2.61E+02
,3.466666667,Intracellular,2.62E+02
,3.483333333,Intracellular,2.63E+02
,3.5,Intracellular,2.64E+02
,3.516666667,Intracellular,2.65E+02
,3.533333333,Intracellular,2.66E+02
,3.55,Intracellular,2.67E+02
,3.566666667,Intracellular,2.68E+02
,3.583333333,Intracellular,2.69E+02
,3.6,Intracellular,2.70E+02
,3.616666667,Intracellular,2.71E+02
,3.633333333,Intracellular,2.72E+02
,3.65,Intracellular,2.73E+02
,3.666666667,Intracellular,2.74E+02
,3.683333333,Intracellular,2.75E+02
,3.7,Intracellular,2.76E+02
,3.716666667,Intracellular,2.77E+02
,3.733333333,Intracellular,2.78E+02
,3.75,Intracellular,2.79E+02
,3.766666667,Intracellular,2.80E+02
,3.783333333,Intracellular,2.81E+02
,3.8,Intracellular,2.82E+02
,3.816666667,Intracellular,2.83E+02
,3.833333333,Intracellular,2.84E+02
,3.85,Intracellular,2.85E+02
,3.866666667,Intracellular,2.86E+02
,3.883333333,Intracellular,2.87E+02
,3.9,Intracellular,2.87E+02
,3.916666667,Intracellular,2.88E+02
,3.933333333,Intracellular,2.89E+02
,3.95,Intracellular,2.90E+02
,3.966666667,Intracellular,2.91E+02
,3.983333333,Intracellular,2.92E+02
,4,Intracellular,2.93E+02
,4.016666667,Intracellular,2.94E+02
,4.033333333,Intracellular,2.95E+02
,4.05,Intracellular,2.96E+02
,4.066666667,Intracellular,2.97E+02
,4.083333333,Intracellular,2.98E+02
,4.1,Intracellular,2.99E+02
,4.116666667,Intracellular,3.00E+02
,4.133333333,Intracellular,3.01E+02
,4.15,Intracellular,3.02E+02
,4.166666667,Intracellular,3.03E+02
,4.183333333,Intracellular,3.04E+02
,4.2,Intracellular,3.05E+02
,4.216666667,Intracellular,3.06E+02
,4.233333333,Intracellular,3.07E+02
,4.25,Intracellular,3.08E+02
,4.266666667,Intracellular,3.09E+02
,4.283333333,Intracellular,3.10E+02
,4.3,Intracellular,3.11E+02
,4.316666667,Intracellular,3.12E+02
,4.333333333,Intracellular,3.13E+02
,4.35,Intracellular,3.14E+02
,4.366666667,Intracellular,3.15E+02
,4.383333333,Intracellular,3.16E+02
,4.4,Intracellular,3.17E+02
,4.416666667,Intracellular,3.18E+02
,4.433333333,Intracellular,3.19E+02
,4.45,Intracellular,3.20E+02
,4.466666667,Intracellular,3.21E+02
,4.483333333,Intracellular,3.22E+02
,4.5,Intracellular,3.22E+02
,4.516666667,Intracellular,3.23E+02
,4.533333333,Intracellular,3.24E+02
,4.55,Intracellular,3.25E+02
,4.566666667,Intracellular,3.26E+02
,4.583333333,Intracellular,3.27E+02
,4.6,Intracellular,3.28E+02
,4.616666667,Intracellular,3.29E+02
,4.633333333,Intracellular,3.30E+02
,4.65,Intracellular,3.31E+02
,4.666666667,Intracellular,3.32E+02
,4.683333333,Intracellular,3.33E+02
,4.7,Intracellular,3.34E+02
,4.716666667,Intracellular,3.35E+02
,4.733333333,Intracellular,3.36E+02
,4.75,Intracellular,3.37E+02
,4.766666667,Intracellular,3.38E+02
,4.783333333,Intracellular,3.39E+02
,4.8,Intracellular,3.40E+02
,4.816666667,Intracellular,3.41E+02
,4.833333333,Intracellular,3.42E+02
,4.85,Intracellular,3.43E+02
,4.866666667,Intracellular,3.44E+02
,4.883333333,Intracellular,3.45E+02
,4.9,Intracellular,3.46E+02
,4.916666667,Intracellular,3.47E+02
,4.933333333,Intracellular,3.48E+02
,4.95,Intracellular,3.49E+02
,4.966666667,Intracellular,3.50E+02
,4.983333333,Intracellular,3.51E+02
,5,Intracellular,3.52E+02
,5.016666667,Intracellular,3.53E+02
,5.033333333,Intracellular,3.54E+02
,5.05,Intracellular,3.55E+02
,5.066666667,Intracellular,3.56E+02
,5.083333333,Intracellular,3.57E+02
,5.1,Intracellular,3.57E+02
,5.116666667,Intracellular,3.58E+02
,5.133333333,Intracellular,3.59E+02
,5.15,Intracellular,3.60E+02
,5.166666667,Intracellular,3.61E+02
,5.183333333,Intracellular,3.62E+02
,5.2,Intracellular,3.63E+02
,5.216666667,Intracellular,3.64E+02
,5.233333333,Intracellular,3.65E+02
,5.25,Intracellular,3.66E+02
,5.266666667,Intracellular,3.67E+02
,5.283333333,Intracellular,3.68E+02
,5.3,Intracellular,3.69E+02
,5.316666667,Intracellular,3.70E+02
,5.333333333,Intracellular,3.71E+02
,5.35,Intracellular,3.72E+02
,5.366666667,Intracellular,3.73E+02
,5.383333333,Intracellular,3.74E+02
,5.4,Intracellular,3.75E+02
,5.416666667,Intracellular,3.76E+02
,5.433333333,Intracellular,3.77E+02
,5.45,Intracellular,3.78E+02
,5.466666667,Intracellular,3.79E+02
,5.483333333,Intracellular,3.80E+02
,5.5,Intracellular,3.81E+02
,5.516666667,Intracellular,3.82E+02
,5.533333333,Intracellular,3.83E+02
,5.55,Intracellular,3.84E+02
,5.566666667,Intracellular,3.85E+02
,5.583333333,Intracellular,3.86E+02
,5.6,Intracellular,3.87E+02
,5.616666667,Intracellular,3.88E+02
,5.633333333,Intracellular,3.89E+02
,5.65,Intracellular,3.90E+02
,5.666666667,Intracellular,3.91E+02
,5.683333333,Intracellular,3.92E+02
,5.7,Intracellular,3.92E+02
,5.716666667,Intracellular,3.93E+02
,5.733333333,Intracellular,3.94E+02
,5.75,Intracellular,3.95E+02
,5.766666667,Intracellular,3.96E+02
,5.783333333,Intracellular,3.97E+02
,5.8,Intracellular,3.98E+02
,5.816666667,Intracellular,3.99E+02
,5.833333333,Intracellular,4.00E+02
,5.85,Intracellular,4.01E+02
,5.866666667,Intracellular,4.02E+02
,5.883333333,Intracellular,4.03E+02
,5.9,Intracellular,4.04E+02
,5.916666667,Intracellular,4.05E+02
,5.933333333,Intracellular,4.06E+02
,5.95,Intracellular,4.07E+02
,5.966666667,Intracellular,4.08E+02
,5.983333333,Intracellular,4.09E+02
,6,Intracellular,4.10E+02
,6.016666667,Intracellular,4.11E+02
,6.033333333,Intracellular,4.12E+02
,6.05,Intracellular,4.13E+02
,6.066666667,Intracellular,4.14E+02
,6.083333333,Intracellular,4.15E+02
,6.1,Intracellular,4.16E+02
,6.116666667,Intracellular,4.17E+02
,6.133333333,Intracellular,4.18E+02
,6.15,Intracellular,4.19E+02
,6.166666667,Intracellular,4.20E+02
,6.183333333,Intracellular,4.21E+02
,6.2,Intracellular,4.22E+02
,6.216666667,Intracellular,4.23E+02
,6.233333333,Intracellular,4.24E+02
,6.25,Intracellular,4.25E+02
,6.266666667,Intracellular,4.26E+02
,6.283333333,Intracellular,4.27E+02
,6.3,Intracellular,4.28E+02
,6.316666667,Intracellular,4.28E+02
,6.333333333,Intracellular,4.29E+02
,6.35,Intracellular,4.30E+02
,6.366666667,Intracellular,4.31E+02
,6.383333333,Intracellular,4.32E+02
,6.4,Intracellular,4.33E+02
,6.416666667,Intracellular,4.34E+02
,6.433333333,Intracellular,4.35E+02
,6.45,Intracellular,4.36E+02
,6.466666667,Intracellular,4.37E+02
,6.483333333,Intracellular,4.38E+02
,6.5,Intracellular,4.39E+02
,6.516666667,Intracellular,4.40E+02
,6.533333333,Intracellular,4.41E+02
,6.55,Intracellular,4.42E+02
,6.566666667,Intracellular,4.43E+02
,6.583333333,Intracellular,4.44E+02
,6.6,Intracellular,4.45E+02
,6.616666667,Intracellular,4.46E+02
,6.633333333,Intracellular,4.47E+02
,6.65,Intracellular,4.48E+02
,6.666666667,Intracellular,4.49E+02
,6.683333333,Intracellular,4.50E+02
,6.7,Intracellular,4.51E+02
,6.716666667,Intracellular,4.52E+02
,6.733333333,Intracellular,4.53E+02
,6.75,Intracellular,4.54E+02
,6.766666667,Intracellular,4.55E+02
,6.783333333,Intracellular,4.56E+02
,6.8,Intracellular,4.57E+02
,6.816666667,Intracellular,4.58E+02
,6.833333333,Intracellular,4.59E+02
,6.85,Intracellular,4.60E+02
,6.866666667,Intracellular,4.61E+02
,6.883333333,Intracellular,4.62E+02
,6.9,Intracellular,4.63E+02
,6.916666667,Intracellular,4.64E+02
,6.933333333,Intracellular,4.64E+02
,6.95,Intracellular,4.65E+02
,6.966666667,Intracellular,4.66E+02
,6.983333333,Intracellular,4.67E+02
,7,Intracellular,4.68E+02
,7.016666667,Intracellular,4.69E+02
,7.033333333,Intracellular,4.70E+02
,7.05,Intracellular,4.71E+02
,7.066666667,Intracellular,4.72E+02
,7.083333333,Intracellular,4.73E+02
,7.1,Intracellular,4.74E+02
,7.116666667,Intracellular,4.75E+02
,7.133333333,Intracellular,4.76E+02
,7.15,Intracellular,4.77E+02
,7.166666667,Intracellular,4.78E+02
,7.183333333,Intracellular,4.79E+02
,7.2,Intracellular,4.80E+02
,7.216666667,Intracellular,4.81E+02
,7.233333333,Intracellular,4.82E+02
,7.25,Intracellular,4.83E+02
,7.266666667,Intracellular,4.84E+02
,7.283333333,Intracellular,4.85E+02
,7.3,Intracellular,4.86E+02
,7.316666667,Intracellular,4.87E+02
,7.333333333,Intracellular,4.88E+02
,7.35,Intracellular,4.89E+02
,7.366666667,Intracellular,4.90E+02
,7.383333333,Intracellular,4.91E+02
,7.4,Intracellular,4.92E+02
,7.416666667,Intracellular,4.93E+02
,7.433333333,Intracellular,4.94E+02
,7.45,Intracellular,4.95E+02
,7.466666667,Intracellular,4.96E+02
,7.483333333,Intracellular,4.97E+02
,7.5,Intracellular,4.98E+02
,7.516666667,Intracellular,4.99E+02
,7.533333333,Intracellular,5.00E+02
,7.55,Intracellular,5.00E+02
,7.566666667,Intracellular,5.01E+02
,7.583333333,Intracellular,5.02E+02
,7.6,Intracellular,5.03E+02
,7.616666667,Intracellular,5.04E+02
,7.633333333,Intracellular,5.05E+02
,7.65,Intracellular,5.06E+02
,7.666666667,Intracellular,5.07E+02
,7.683333333,Intracellular,5.08E+02
,7.7,Intracellular,5.09E+02
,7.716666667,Intracellular,5.10E+02
,7.733333333,Intracellular,5.11E+02
,7.75,Intracellular,5.12E+02
,7.766666667,Intracellular,5.13E+02
,7.783333333,Intracellular,5.14E+02
,7.8,Intracellular,5.15E+02
,7.816666667,Intracellular,5.16E+02
,7.833333333,Intracellular,5.17E+02
,7.85,Intracellular,5.18E+02
,7.866666667,Intracellular,5.19E+02
,7.883333333,Intracellular,5.20E+02
,7.9,Intracellular,5.21E+02
,7.916666667,Intracellular,5.22E+02
,7.933333333,Intracellular,5.23E+02
,7.95,Intracellular,5.24E+02
,7.966666667,Intracellular,5.25E+02
,7.983333333,Intracellular,5.26E+02
,8,Intracellular,5.27E+02
,8.016666667,Intracellular,5.28E+02
,8.033333333,Intracellular,5.29E+02
,8.05,Intracellular,5.30E+02
,8.066666667,Intracellular,5.31E+02
,8.083333333,Intracellular,5.32E+02
,8.1,Intracellular,5.33E+02
,8.116666667,Intracellular,5.34E+02
,8.133333333,Intracellular,5.35E+02
,8.15,Intracellular,5.36E+02
,8.166666667,Intracellular,5.37E+02
,8.183333333,Intracellular,5.37E+02
,8.2,Intracellular,5.38E+02
,8.216666667,Intracellular,5.39E+02
,8.233333333,Intracellular,5.40E+02
,8.25,Intracellular,5.41E+02
,8.266666667,Intracellular,5.42E+02
,8.283333333,Intracellular,5.43E+02
,8.3,Intracellular,5.44E+02
,8.316666667,Intracellular,5.45E+02
,8.333333333,Intracellular,5.46E+02
,8.35,Intracellular,5.47E+02
,8.366666667,Intracellular,5.48E+02
,8.383333333,Intracellular,5.49E+02
,8.4,Intracellular,5.50E+02
,8.416666667,Intracellular,5.51E+02
,8.433333333,Intracellular,5.52E+02
,8.45,Intracellular,5.53E+02
,8.466666667,Intracellular,5.54E+02
,8.483333333,Intracellular,5.55E+02
,8.5,Intracellular,5.56E+02
,8.516666667,Intracellular,5.57E+02
,8.533333333,Intracellular,5.58E+02
,8.55,Intracellular,5.59E+02
,8.566666667,Intracellular,5.60E+02
,8.583333333,Intracellular,5.61E+02
,8.6,Intracellular,5.62E+02
,8.616666667,Intracellular,5.63E+02
,8.633333333,Intracellular,5.64E+02
,8.65,Intracellular,5.65E+02
,8.666666667,Intracellular,5.66E+02
,8.683333333,Intracellular,5.67E+02
,8.7,Intracellular,5.68E+02
,8.716666667,Intracellular,5.69E+02
,8.733333333,Intracellular,5.70E+02
,8.75,Intracellular,5.71E+02
,8.766666667,Intracellular,5.72E+02
,8.783333333,Intracellular,5.73E+02
,8.8,Intracellular,5.74E+02
,8.816666667,Intracellular,5.74E+02
,8.833333333,Intracellular,5.75E+02
,8.85,Intracellular,5.76E+02
,8.866666667,Intracellular,5.77E+02
,8.883333333,Intracellular,5.78E+02
,8.9,Intracellular,5.79E+02
,8.916666667,Intracellular,5.80E+02
,8.933333333,Intracellular,5.81E+02
,8.95,Intracellular,5.82E+02
,8.966666667,Intracellular,5.83E+02
,8.983333333,Intracellular,5.84E+02
,9,Intracellular,5.85E+02
,9.016666667,Intracellular,5.86E+02
,9.033333333,Intracellular,5.87E+02
,9.05,Intracellular,5.88E+02
,9.066666667,Intracellular,5.89E+02
,9.083333333,Intracellular,5.90E+02
,9.1,Intracellular,5.91E+02
,9.116666667,Intracellular,5.92E+02
,9.133333333,Intracellular,5.93E+02
,9.15,Intracellular,5.94E+02
,9.166666667,Intracellular,5.95E+02
,9.183333333,Intracellular,5.96E+02
,9.2,Intracellular,5.97E+02
,9.216666667,Intracellular,5.98E+02
,9.233333333,Intracellular,5.99E+02
,9.25,Intracellular,6.00E+02
,9.266666667,Intracellular,6.01E+02
,9.283333333,Intracellular,6.02E+02
,9.3,Intracellular,6.03E+02
,9.316666667,Intracellular,6.04E+02
,9.333333333,Intracellular,6.05E+02
,9.35,Intracellular,6.06E+02
,9.366666667,Intracellular,6.07E+02
,9.383333333,Intracellular,6.08E+02
,9.4,Intracellular,6.09E+02
,9.416666667,Intracellular,6.10E+02
,9.433333333,Intracellular,6.11E+02
,9.45,Intracellular,6.11E+02
,9.466666667,Intracellular,6.12E+02
,9.483333333,Intracellular,6.13E+02
,9.5,Intracellular,6.14E+02
,9.516666667,Intracellular,6.15E+02
,9.533333333,Intracellular,6.16E+02
,9.55,Intracellular,6.17E+02
,9.566666667,Intracellular,6.18E+02
,9.583333333,Intracellular,6.19E+02
,9.6,Intracellular,6.20E+02
,9.616666667,Intracellular,6.21E+02
,9.633333333,Intracellular,6.22E+02
,9.65,Intracellular,6.23E+02
,9.666666667,Intracellular,6.24E+02
,9.683333333,Intracellular,6.25E+02
,9.7,Intracellular,6.26E+02
,9.716666667,Intracellular,6.27E+02
,9.733333333,Intracellular,6.28E+02
,9.75,Intracellular,6.29E+02
,9.766666667,Intracellular,6.30E+02
,9.783333333,Intracellular,6.31E+02
,9.8,Intracellular,6.32E+02
,9.816666667,Intracellular,6.33E+02
,9.833333333,Intracellular,6.34E+02
,9.85,Intracellular,6.35E+02
,9.866666667,Intracellular,6.36E+02
,9.883333333,Intracellular,6.37E+02
,9.9,Intracellular,6.38E+02
,9.916666667,Intracellular,6.39E+02
,9.933333333,Intracellular,6.40E+02
,9.95,Intracellular,6.41E+02
,9.966666667,Intracellular,6.42E+02
,9.983333333,Intracellular,6.43E+02
,10,Intracellular,6.44E+02
,0,Oxidized,0.00E+00
,0.016666667,Oxidized,0.00E+00
,0.033333333,Oxidized,3.38E-13
,0.05,Oxidized,1.94E-01
,0.066666667,Oxidized,6.75E-01
,0.083333333,Oxidized,1.48E+00
,0.1,Oxidized,2.61E+00
,0.116666667,Oxidized,4.07E+00
,0.133333333,Oxidized,5.82E+00
,0.15,Oxidized,7.85E+00
,0.166666667,Oxidized,1.01E+01
,0.183333333,Oxidized,1.27E+01
,0.2,Oxidized,1.54E+01
,0.216666667,Oxidized,1.83E+01
,0.233333333,Oxidized,2.14E+01
,0.25,Oxidized,2.47E+01
,0.266666667,Oxidized,2.81E+01
,0.283333333,Oxidized,3.17E+01
,0.3,Oxidized,3.53E+01
,0.316666667,Oxidized,3.91E+01
,0.333333333,Oxidized,4.29E+01
,0.35,Oxidized,4.69E+01
,0.366666667,Oxidized,5.09E+01
,0.383333333,Oxidized,5.50E+01
,0.4,Oxidized,5.92E+01
,0.416666667,Oxidized,6.34E+01
,0.433333333,Oxidized,6.77E+01
,0.45,Oxidized,7.20E+01
,0.466666667,Oxidized,7.64E+01
,0.483333333,Oxidized,8.08E+01
,0.5,Oxidized,8.52E+01
,0.516666667,Oxidized,8.97E+01
,0.533333333,Oxidized,9.42E+01
,0.55,Oxidized,9.87E+01
,0.566666667,Oxidized,1.03E+02
,0.583333333,Oxidized,1.08E+02
,0.6,Oxidized,1.12E+02
,0.616666667,Oxidized,1.17E+02
,0.633333333,Oxidized,1.22E+02
,0.65,Oxidized,1.26E+02
,0.666666667,Oxidized,1.31E+02
,0.683333333,Oxidized,1.36E+02
,0.7,Oxidized,1.40E+02
,0.716666667,Oxidized,1.45E+02
,0.733333333,Oxidized,1.50E+02
,0.75,Oxidized,1.54E+02
,0.766666667,Oxidized,1.59E+02
,0.783333333,Oxidized,1.64E+02
,0.8,Oxidized,1.69E+02
,0.816666667,Oxidized,1.73E+02
,0.833333333,Oxidized,1.78E+02
,0.85,Oxidized,1.83E+02
,0.866666667,Oxidized,1.87E+02
,0.883333333,Oxidized,1.92E+02
,0.9,Oxidized,1.97E+02
,0.916666667,Oxidized,2.02E+02
,0.933333333,Oxidized,2.06E+02
,0.95,Oxidized,2.11E+02
,0.966666667,Oxidized,2.16E+02
,0.983333333,Oxidized,2.21E+02
,1,Oxidized,2.25E+02
,1.016666667,Oxidized,2.30E+02
,1.033333333,Oxidized,2.35E+02
,1.05,Oxidized,2.40E+02
,1.066666667,Oxidized,2.45E+02
,1.083333333,Oxidized,2.49E+02
,1.1,Oxidized,2.54E+02
,1.116666667,Oxidized,2.59E+02
,1.133333333,Oxidized,2.64E+02
,1.15,Oxidized,2.68E+02
,1.166666667,Oxidized,2.73E+02
,1.183333333,Oxidized,2.78E+02
,1.2,Oxidized,2.83E+02
,1.216666667,Oxidized,2.87E+02
,1.233333333,Oxidized,2.92E+02
,1.25,Oxidized,2.97E+02
,1.266666667,Oxidized,3.02E+02
,1.283333333,Oxidized,3.07E+02
,1.3,Oxidized,3.11E+02
,1.316666667,Oxidized,3.16E+02
,1.333333333,Oxidized,3.21E+02
,1.35,Oxidized,3.26E+02
,1.366666667,Oxidized,3.30E+02
,1.383333333,Oxidized,3.35E+02
,1.4,Oxidized,3.40E+02
,1.416666667,Oxidized,3.45E+02
,1.433333333,Oxidized,3.50E+02
,1.45,Oxidized,3.54E+02
,1.466666667,Oxidized,3.59E+02
,1.483333333,Oxidized,3.64E+02
,1.5,Oxidized,3.69E+02
,1.516666667,Oxidized,3.73E+02
,1.533333333,Oxidized,3.78E+02
,1.55,Oxidized,3.83E+02
,1.566666667,Oxidized,3.88E+02
,1.583333333,Oxidized,3.92E+02
,1.6,Oxidized,3.97E+02
,1.616666667,Oxidized,4.02E+02
,1.633333333,Oxidized,4.07E+02
,1.65,Oxidized,4.12E+02
,1.666666667,Oxidized,4.16E+02
,1.683333333,Oxidized,4.21E+02
,1.7,Oxidized,4.26E+02
,1.716666667,Oxidized,4.31E+02
,1.733333333,Oxidized,4.35E+02
,1.75,Oxidized,4.40E+02
,1.766666667,Oxidized,4.45E+02
,1.783333333,Oxidized,4.50E+02
,1.8,Oxidized,4.55E+02
,1.816666667,Oxidized,4.59E+02
,1.833333333,Oxidized,4.64E+02
,1.85,Oxidized,4.69E+02
,1.866666667,Oxidized,4.74E+02
,1.883333333,Oxidized,4.78E+02
,1.9,Oxidized,4.83E+02
,1.916666667,Oxidized,4.88E+02
,1.933333333,Oxidized,4.93E+02
,1.95,Oxidized,4.98E+02
,1.966666667,Oxidized,5.02E+02
,1.983333333,Oxidized,5.07E+02
,2,Oxidized,5.12E+02
,2.016666667,Oxidized,5.17E+02
,2.033333333,Oxidized,5.21E+02
,2.05,Oxidized,5.26E+02
,2.066666667,Oxidized,5.31E+02
,2.083333333,Oxidized,5.36E+02
,2.1,Oxidized,5.41E+02
,2.116666667,Oxidized,5.45E+02
,2.133333333,Oxidized,5.50E+02
,2.15,Oxidized,5.55E+02
,2.166666667,Oxidized,5.60E+02
,2.183333333,Oxidized,5.64E+02
,2.2,Oxidized,5.69E+02
,2.216666667,Oxidized,5.74E+02
,2.233333333,Oxidized,5.79E+02
,2.25,Oxidized,5.84E+02
,2.266666667,Oxidized,5.88E+02
,2.283333333,Oxidized,5.93E+02
,2.3,Oxidized,5.98E+02
,2.316666667,Oxidized,6.03E+02
,2.333333333,Oxidized,6.07E+02
,2.35,Oxidized,6.12E+02
,2.366666667,Oxidized,6.17E+02
,2.383333333,Oxidized,6.22E+02
,2.4,Oxidized,6.27E+02
,2.416666667,Oxidized,6.31E+02
,2.433333333,Oxidized,6.36E+02
,2.45,Oxidized,6.41E+02
,2.466666667,Oxidized,6.46E+02
,2.483333333,Oxidized,6.50E+02
,2.5,Oxidized,6.55E+02
,2.516666667,Oxidized,6.60E+02
,2.533333333,Oxidized,6.65E+02
,2.55,Oxidized,6.70E+02
,2.566666667,Oxidized,6.74E+02
,2.583333333,Oxidized,6.79E+02
,2.6,Oxidized,6.84E+02
,2.616666667,Oxidized,6.89E+02
,2.633333333,Oxidized,6.93E+02
,2.65,Oxidized,6.98E+02
,2.666666667,Oxidized,7.03E+02
,2.683333333,Oxidized,7.08E+02
,2.7,Oxidized,7.13E+02
,2.716666667,Oxidized,7.17E+02
,2.733333333,Oxidized,7.22E+02
,2.75,Oxidized,7.27E+02
,2.766666667,Oxidized,7.32E+02
,2.783333333,Oxidized,7.36E+02
,2.8,Oxidized,7.41E+02
,2.816666667,Oxidized,7.46E+02
,2.833333333,Oxidized,7.51E+02
,2.85,Oxidized,7.56E+02
,2.866666667,Oxidized,7.60E+02
,2.883333333,Oxidized,7.65E+02
,2.9,Oxidized,7.70E+02
,2.916666667,Oxidized,7.75E+02
,2.933333333,Oxidized,7.79E+02
,2.95,Oxidized,7.84E+02
,2.966666667,Oxidized,7.89E+02
,2.983333333,Oxidized,7.94E+02
,3,Oxidized,7.99E+02
,3.016666667,Oxidized,8.03E+02
,3.033333333,Oxidized,8.08E+02
,3.05,Oxidized,8.13E+02
,3.066666667,Oxidized,8.18E+02
,3.083333333,Oxidized,8.23E+02
,3.1,Oxidized,8.27E+02
,3.116666667,Oxidized,8.32E+02
,3.133333333,Oxidized,8.37E+02
,3.15,Oxidized,8.42E+02
,3.166666667,Oxidized,8.46E+02
,3.183333333,Oxidized,8.51E+02
,3.2,Oxidized,8.56E+02
,3.216666667,Oxidized,8.61E+02
,3.233333333,Oxidized,8.66E+02
,3.25,Oxidized,8.70E+02
,3.266666667,Oxidized,8.75E+02
,3.283333333,Oxidized,8.80E+02
,3.3,Oxidized,8.85E+02
,3.316666667,Oxidized,8.89E+02
,3.333333333,Oxidized,8.94E+02
,3.35,Oxidized,8.99E+02
,3.366666667,Oxidized,9.04E+02
,3.383333333,Oxidized,9.09E+02
,3.4,Oxidized,9.13E+02
,3.416666667,Oxidized,9.18E+02
,3.433333333,Oxidized,9.23E+02
,3.45,Oxidized,9.28E+02
,3.466666667,Oxidized,9.32E+02
,3.483333333,Oxidized,9.37E+02
,3.5,Oxidized,9.42E+02
,3.516666667,Oxidized,9.47E+02
,3.533333333,Oxidized,9.52E+02
,3.55,Oxidized,9.56E+02
,3.566666667,Oxidized,9.61E+02
,3.583333333,Oxidized,9.66E+02
,3.6,Oxidized,9.71E+02
,3.616666667,Oxidized,9.75E+02
,3.633333333,Oxidized,9.80E+02
,3.65,Oxidized,9.85E+02
,3.666666667,Oxidized,9.90E+02
,3.683333333,Oxidized,9.95E+02
,3.7,Oxidized,9.99E+02
,3.716666667,Oxidized,1.00E+03
,3.733333333,Oxidized,1.01E+03
,3.75,Oxidized,1.01E+03
,3.766666667,Oxidized,1.02E+03
,3.783333333,Oxidized,1.02E+03
,3.8,Oxidized,1.03E+03
,3.816666667,Oxidized,1.03E+03
,3.833333333,Oxidized,1.04E+03
,3.85,Oxidized,1.04E+03
,3.866666667,Oxidized,1.05E+03
,3.883333333,Oxidized,1.05E+03
,3.9,Oxidized,1.06E+03
,3.916666667,Oxidized,1.06E+03
,3.933333333,Oxidized,1.07E+03
,3.95,Oxidized,1.07E+03
,3.966666667,Oxidized,1.08E+03
,3.983333333,Oxidized,1.08E+03
,4,Oxidized,1.09E+03
,4.016666667,Oxidized,1.09E+03
,4.033333333,Oxidized,1.09E+03
,4.05,Oxidized,1.10E+03
,4.066666667,Oxidized,1.10E+03
,4.083333333,Oxidized,1.11E+03
,4.1,Oxidized,1.11E+03
,4.116666667,Oxidized,1.12E+03
,4.133333333,Oxidized,1.12E+03
,4.15,Oxidized,1.13E+03
,4.166666667,Oxidized,1.13E+03
,4.183333333,Oxidized,1.14E+03
,4.2,Oxidized,1.14E+03
,4.216666667,Oxidized,1.15E+03
,4.233333333,Oxidized,1.15E+03
,4.25,Oxidized,1.16E+03
,4.266666667,Oxidized,1.16E+03
,4.283333333,Oxidized,1.17E+03
,4.3,Oxidized,1.17E+03
,4.316666667,Oxidized,1.18E+03
,4.333333333,Oxidized,1.18E+03
,4.35,Oxidized,1.19E+03
,4.366666667,Oxidized,1.19E+03
,4.383333333,Oxidized,1.20E+03
,4.4,Oxidized,1.20E+03
,4.416666667,Oxidized,1.20E+03
,4.433333333,Oxidized,1.21E+03
,4.45,Oxidized,1.21E+03
,4.466666667,Oxidized,1.22E+03
,4.483333333,Oxidized,1.22E+03
,4.5,Oxidized,1.23E+03
,4.516666667,Oxidized,1.23E+03
,4.533333333,Oxidized,1.24E+03
,4.55,Oxidized,1.24E+03
,4.566666667,Oxidized,1.25E+03
,4.583333333,Oxidized,1.25E+03
,4.6,Oxidized,1.26E+03
,4.616666667,Oxidized,1.26E+03
,4.633333333,Oxidized,1.27E+03
,4.65,Oxidized,1.27E+03
,4.666666667,Oxidized,1.28E+03
,4.683333333,Oxidized,1.28E+03
,4.7,Oxidized,1.29E+03
,4.716666667,Oxidized,1.29E+03
,4.733333333,Oxidized,1.30E+03
,4.75,Oxidized,1.30E+03
,4.766666667,Oxidized,1.31E+03
,4.783333333,Oxidized,1.31E+03
,4.8,Oxidized,1.31E+03
,4.816666667,Oxidized,1.32E+03
,4.833333333,Oxidized,1.32E+03
,4.85,Oxidized,1.33E+03
,4.866666667,Oxidized,1.33E+03
,4.883333333,Oxidized,1.34E+03
,4.9,Oxidized,1.34E+03
,4.916666667,Oxidized,1.35E+03
,4.933333333,Oxidized,1.35E+03
,4.95,Oxidized,1.36E+03
,4.966666667,Oxidized,1.36E+03
,4.983333333,Oxidized,1.37E+03
,5,Oxidized,1.37E+03
,5.016666667,Oxidized,1.38E+03
,5.033333333,Oxidized,1.38E+03
,5.05,Oxidized,1.39E+03
,5.066666667,Oxidized,1.39E+03
,5.083333333,Oxidized,1.40E+03
,5.1,Oxidized,1.40E+03
,5.116666667,Oxidized,1.41E+03
,5.133333333,Oxidized,1.41E+03
,5.15,Oxidized,1.42E+03
,5.166666667,Oxidized,1.42E+03
,5.183333333,Oxidized,1.42E+03
,5.2,Oxidized,1.43E+03
,5.216666667,Oxidized,1.43E+03
,5.233333333,Oxidized,1.44E+03
,5.25,Oxidized,1.44E+03
,5.266666667,Oxidized,1.45E+03
,5.283333333,Oxidized,1.45E+03
,5.3,Oxidized,1.46E+03
,5.316666667,Oxidized,1.46E+03
,5.333333333,Oxidized,1.47E+03
,5.35,Oxidized,1.47E+03
,5.366666667,Oxidized,1.48E+03
,5.383333333,Oxidized,1.48E+03
,5.4,Oxidized,1.49E+03
,5.416666667,Oxidized,1.49E+03
,5.433333333,Oxidized,1.50E+03
,5.45,Oxidized,1.50E+03
,5.466666667,Oxidized,1.51E+03
,5.483333333,Oxidized,1.51E+03
,5.5,Oxidized,1.52E+03
,5.516666667,Oxidized,1.52E+03
,5.533333333,Oxidized,1.53E+03
,5.55,Oxidized,1.53E+03
,5.566666667,Oxidized,1.53E+03
,5.583333333,Oxidized,1.54E+03
,5.6,Oxidized,1.54E+03
,5.616666667,Oxidized,1.55E+03
,5.633333333,Oxidized,1.55E+03
,5.65,Oxidized,1.56E+03
,5.666666667,Oxidized,1.56E+03
,5.683333333,Oxidized,1.57E+03
,5.7,Oxidized,1.57E+03
,5.716666667,Oxidized,1.58E+03
,5.733333333,Oxidized,1.58E+03
,5.75,Oxidized,1.59E+03
,5.766666667,Oxidized,1.59E+03
,5.783333333,Oxidized,1.60E+03
,5.8,Oxidized,1.60E+03
,5.816666667,Oxidized,1.61E+03
,5.833333333,Oxidized,1.61E+03
,5.85,Oxidized,1.62E+03
,5.866666667,Oxidized,1.62E+03
,5.883333333,Oxidized,1.63E+03
,5.9,Oxidized,1.63E+03
,5.916666667,Oxidized,1.64E+03
,5.933333333,Oxidized,1.64E+03
,5.95,Oxidized,1.64E+03
,5.966666667,Oxidized,1.65E+03
,5.983333333,Oxidized,1.65E+03
,6,Oxidized,1.66E+03
,6.016666667,Oxidized,1.66E+03
,6.033333333,Oxidized,1.67E+03
,6.05,Oxidized,1.67E+03
,6.066666667,Oxidized,1.68E+03
,6.083333333,Oxidized,1.68E+03
,6.1,Oxidized,1.69E+03
,6.116666667,Oxidized,1.69E+03
,6.133333333,Oxidized,1.70E+03
,6.15,Oxidized,1.70E+03
,6.166666667,Oxidized,1.71E+03
,6.183333333,Oxidized,1.71E+03
,6.2,Oxidized,1.72E+03
,6.216666667,Oxidized,1.72E+03
,6.233333333,Oxidized,1.73E+03
,6.25,Oxidized,1.73E+03
,6.266666667,Oxidized,1.74E+03
,6.283333333,Oxidized,1.74E+03
,6.3,Oxidized,1.75E+03
,6.316666667,Oxidized,1.75E+03
,6.333333333,Oxidized,1.75E+03
,6.35,Oxidized,1.76E+03
,6.366666667,Oxidized,1.76E+03
,6.383333333,Oxidized,1.77E+03
,6.4,Oxidized,1.77E+03
,6.416666667,Oxidized,1.78E+03
,6.433333333,Oxidized,1.78E+03
,6.45,Oxidized,1.79E+03
,6.466666667,Oxidized,1.79E+03
,6.483333333,Oxidized,1.80E+03
,6.5,Oxidized,1.80E+03
,6.516666667,Oxidized,1.81E+03
,6.533333333,Oxidized,1.81E+03
,6.55,Oxidized,1.82E+03
,6.566666667,Oxidized,1.82E+03
,6.583333333,Oxidized,1.83E+03
,6.6,Oxidized,1.83E+03
,6.616666667,Oxidized,1.84E+03
,6.633333333,Oxidized,1.84E+03
,6.65,Oxidized,1.85E+03
,6.666666667,Oxidized,1.85E+03
,6.683333333,Oxidized,1.86E+03
,6.7,Oxidized,1.86E+03
,6.716666667,Oxidized,1.86E+03
,6.733333333,Oxidized,1.87E+03
,6.75,Oxidized,1.87E+03
,6.766666667,Oxidized,1.88E+03
,6.783333333,Oxidized,1.88E+03
,6.8,Oxidized,1.89E+03
,6.816666667,Oxidized,1.89E+03
,6.833333333,Oxidized,1.90E+03
,6.85,Oxidized,1.90E+03
,6.866666667,Oxidized,1.91E+03
,6.883333333,Oxidized,1.91E+03
,6.9,Oxidized,1.92E+03
,6.916666667,Oxidized,1.92E+03
,6.933333333,Oxidized,1.93E+03
,6.95,Oxidized,1.93E+03
,6.966666667,Oxidized,1.94E+03
,6.983333333,Oxidized,1.94E+03
,7,Oxidized,1.95E+03
,7.016666667,Oxidized,1.95E+03
,7.033333333,Oxidized,1.96E+03
,7.05,Oxidized,1.96E+03
,7.066666667,Oxidized,1.97E+03
,7.083333333,Oxidized,1.97E+03
,7.1,Oxidized,1.97E+03
,7.116666667,Oxidized,1.98E+03
,7.133333333,Oxidized,1.98E+03
,7.15,Oxidized,1.99E+03
,7.166666667,Oxidized,1.99E+03
,7.183333333,Oxidized,2.00E+03
,7.2,Oxidized,2.00E+03
,7.216666667,Oxidized,2.01E+03
,7.233333333,Oxidized,2.01E+03
,7.25,Oxidized,2.02E+03
,7.266666667,Oxidized,2.02E+03
,7.283333333,Oxidized,2.03E+03
,7.3,Oxidized,2.03E+03
,7.316666667,Oxidized,2.04E+03
,7.333333333,Oxidized,2.04E+03
,7.35,Oxidized,2.05E+03
,7.366666667,Oxidized,2.05E+03
,7.383333333,Oxidized,2.06E+03
,7.4,Oxidized,2.06E+03
,7.416666667,Oxidized,2.07E+03
,7.433333333,Oxidized,2.07E+03
,7.45,Oxidized,2.08E+03
,7.466666667,Oxidized,2.08E+03
,7.483333333,Oxidized,2.08E+03
,7.5,Oxidized,2.09E+03
,7.516666667,Oxidized,2.09E+03
,7.533333333,Oxidized,2.10E+03
,7.55,Oxidized,2.10E+03
,7.566666667,Oxidized,2.11E+03
,7.583333333,Oxidized,2.11E+03
,7.6,Oxidized,2.12E+03
,7.616666667,Oxidized,2.12E+03
,7.633333333,Oxidized,2.13E+03
,7.65,Oxidized,2.13E+03
,7.666666667,Oxidized,2.14E+03
,7.683333333,Oxidized,2.14E+03
,7.7,Oxidized,2.15E+03
,7.716666667,Oxidized,2.15E+03
,7.733333333,Oxidized,2.16E+03
,7.75,Oxidized,2.16E+03
,7.766666667,Oxidized,2.17E+03
,7.783333333,Oxidized,2.17E+03
,7.8,Oxidized,2.18E+03
,7.816666667,Oxidized,2.18E+03
,7.833333333,Oxidized,2.19E+03
,7.85,Oxidized,2.19E+03
,7.866666667,Oxidized,2.19E+03
,7.883333333,Oxidized,2.20E+03
,7.9,Oxidized,2.20E+03
,7.916666667,Oxidized,2.21E+03
,7.933333333,Oxidized,2.21E+03
,7.95,Oxidized,2.22E+03
,7.966666667,Oxidized,2.22E+03
,7.983333333,Oxidized,2.23E+03
,8,Oxidized,2.23E+03
,8.016666667,Oxidized,2.24E+03
,8.033333333,Oxidized,2.24E+03
,8.05,Oxidized,2.25E+03
,8.066666667,Oxidized,2.25E+03
,8.083333333,Oxidized,2.26E+03
,8.1,Oxidized,2.26E+03
,8.116666667,Oxidized,2.27E+03
,8.133333333,Oxidized,2.27E+03
,8.15,Oxidized,2.28E+03
,8.166666667,Oxidized,2.28E+03
,8.183333333,Oxidized,2.29E+03
,8.2,Oxidized,2.29E+03
,8.216666667,Oxidized,2.30E+03
,8.233333333,Oxidized,2.30E+03
,8.25,Oxidized,2.30E+03
,8.266666667,Oxidized,2.31E+03
,8.283333333,Oxidized,2.31E+03
,8.3,Oxidized,2.32E+03
,8.316666667,Oxidized,2.32E+03
,8.333333333,Oxidized,2.33E+03
,8.35,Oxidized,2.33E+03
,8.366666667,Oxidized,2.34E+03
,8.383333333,Oxidized,2.34E+03
,8.4,Oxidized,2.35E+03
,8.416666667,Oxidized,2.35E+03
,8.433333333,Oxidized,2.36E+03
,8.45,Oxidized,2.36E+03
,8.466666667,Oxidized,2.37E+03
,8.483333333,Oxidized,2.37E+03
,8.5,Oxidized,2.38E+03
,8.516666667,Oxidized,2.38E+03
,8.533333333,Oxidized,2.39E+03
,8.55,Oxidized,2.39E+03
,8.566666667,Oxidized,2.40E+03
,8.583333333,Oxidized,2.40E+03
,8.6,Oxidized,2.41E+03
,8.616666667,Oxidized,2.41E+03
,8.633333333,Oxidized,2.41E+03
,8.65,Oxidized,2.42E+03
,8.666666667,Oxidized,2.42E+03
,8.683333333,Oxidized,2.43E+03
,8.7,Oxidized,2.43E+03
,8.716666667,Oxidized,2.44E+03
,8.733333333,Oxidized,2.44E+03
,8.75,Oxidized,2.45E+03
,8.766666667,Oxidized,2.45E+03
,8.783333333,Oxidized,2.46E+03
,8.8,Oxidized,2.46E+03
,8.816666667,Oxidized,2.47E+03
,8.833333333,Oxidized,2.47E+03
,8.85,Oxidized,2.48E+03
,8.866666667,Oxidized,2.48E+03
,8.883333333,Oxidized,2.49E+03
,8.9,Oxidized,2.49E+03
,8.916666667,Oxidized,2.50E+03
,8.933333333,Oxidized,2.50E+03
,8.95,Oxidized,2.51E+03
,8.966666667,Oxidized,2.51E+03
,8.983333333,Oxidized,2.52E+03
,9,Oxidized,2.52E+03
,9.016666667,Oxidized,2.53E+03
,9.033333333,Oxidized,2.53E+03
,9.05,Oxidized,2.53E+03
,9.066666667,Oxidized,2.54E+03
,9.083333333,Oxidized,2.54E+03
,9.1,Oxidized,2.55E+03
,9.116666667,Oxidized,2.55E+03
,9.133333333,Oxidized,2.56E+03
,9.15,Oxidized,2.56E+03
,9.166666667,Oxidized,2.57E+03
,9.183333333,Oxidized,2.57E+03
,9.2,Oxidized,2.58E+03
,9.216666667,Oxidized,2.58E+03
,9.233333333,Oxidized,2.59E+03
,9.25,Oxidized,2.59E+03
,9.266666667,Oxidized,2.60E+03
,9.283333333,Oxidized,2.60E+03
,9.3,Oxidized,2.61E+03
,9.316666667,Oxidized,2.61E+03
,9.333333333,Oxidized,2.62E+03
,9.35,Oxidized,2.62E+03
,9.366666667,Oxidized,2.63E+03
,9.383333333,Oxidized,2.63E+03
,9.4,Oxidized,2.64E+03
,9.416666667,Oxidized,2.64E+03
,9.433333333,Oxidized,2.64E+03
,9.45,Oxidized,2.65E+03
,9.466666667,Oxidized,2.65E+03
,9.483333333,Oxidized,2.66E+03
,9.5,Oxidized,2.66E+03
,9.516666667,Oxidized,2.67E+03
,9.533333333,Oxidized,2.67E+03
,9.55,Oxidized,2.68E+03
,9.566666667,Oxidized,2.68E+03
,9.583333333,Oxidized,2.69E+03
,9.6,Oxidized,2.69E+03
,9.616666667,Oxidized,2.70E+03
,9.633333333,Oxidized,2.70E+03
,9.65,Oxidized,2.71E+03
,9.666666667,Oxidized,2.71E+03
,9.683333333,Oxidized,2.72E+03
,9.7,Oxidized,2.72E+03
,9.716666667,Oxidized,2.73E+03
,9.733333333,Oxidized,2.73E+03
,9.75,Oxidized,2.74E+03
,9.766666667,Oxidized,2.74E+03
,9.783333333,Oxidized,2.75E+03
,9.8,Oxidized,2.75E+03
,9.816666667,Oxidized,2.75E+03
,9.833333333,Oxidized,2.76E+03
,9.85,Oxidized,2.76E+03
,9.866666667,Oxidized,2.77E+03
,9.883333333,Oxidized,2.77E+03
,9.9,Oxidized,2.78E+03
,9.916666667,Oxidized,2.78E+03
,9.933333333,Oxidized,2.79E+03
,9.95,Oxidized,2.79E+03
,9.966666667,Oxidized,2.80E+03
,9.983333333,Oxidized,2.80E+03
,10,Oxidized,2.81E+03
,0,Total,0
,0.016666667,Total,1E-11
,0.033333333,Total,5.73
,0.05,Total,11.694
,0.066666667,Total,17.675
,0.083333333,Total,23.78
,0.1,Total,29.81
,0.116666667,Total,35.87
,0.133333333,Total,41.92
,0.15,Total,47.95
,0.166666667,Total,53.9
,0.183333333,Total,60
,0.2,Total,65.9
,0.216666667,Total,71.8
,0.233333333,Total,77.7
,0.25,Total,83.6
,0.266666667,Total,89.5
,0.283333333,Total,95.5
,0.3,Total,101.3
,0.316666667,Total,107.2
,0.333333333,Total,112.9
,0.35,Total,118.8
,0.366666667,Total,124.6
,0.383333333,Total,130.4
,0.4,Total,136.3
,0.416666667,Total,142.1
,0.433333333,Total,147.9
,0.45,Total,153.7
,0.466666667,Total,159.5
,0.483333333,Total,165.3
,0.5,Total,171
,0.516666667,Total,176.8
,0.533333333,Total,182.6
,0.55,Total,188.3
,0.566666667,Total,193.9
,0.583333333,Total,200
,0.6,Total,205.2
,0.616666667,Total,211.4
,0.633333333,Total,217.5
,0.65,Total,222.6
,0.666666667,Total,228.7
,0.683333333,Total,234.8
,0.7,Total,239.9
,0.716666667,Total,246
,0.733333333,Total,252
,0.75,Total,257
,0.766666667,Total,263
,0.783333333,Total,269
,0.8,Total,275
,0.816666667,Total,280
,0.833333333,Total,286
,0.85,Total,292
,0.866666667,Total,297
,0.883333333,Total,303
,0.9,Total,309
,0.916666667,Total,315
,0.933333333,Total,320
,0.95,Total,326
,0.966666667,Total,332
,0.983333333,Total,338
,1,Total,343
,1.016666667,Total,349
,1.033333333,Total,355
,1.05,Total,361
,1.066666667,Total,367
,1.083333333,Total,372
,1.1,Total,378
,1.116666667,Total,384
,1.133333333,Total,390
,1.15,Total,395
,1.166666667,Total,401
,1.183333333,Total,407
,1.2,Total,413
,1.216666667,Total,418
,1.233333333,Total,424
,1.25,Total,430
,1.266666667,Total,436
,1.283333333,Total,442
,1.3,Total,447
,1.316666667,Total,453
,1.333333333,Total,459
,1.35,Total,465
,1.366666667,Total,470
,1.383333333,Total,476
,1.4,Total,482
,1.416666667,Total,488
,1.433333333,Total,494
,1.45,Total,499
,1.466666667,Total,505
,1.483333333,Total,511
,1.5,Total,517
,1.516666667,Total,522
,1.533333333,Total,528
,1.55,Total,533
,1.566666667,Total,539
,1.583333333,Total,544
,1.6,Total,550
,1.616666667,Total,556
,1.633333333,Total,562
,1.65,Total,568
,1.666666667,Total,573
,1.683333333,Total,579
,1.7,Total,585
,1.716666667,Total,591
,1.733333333,Total,596
,1.75,Total,602
,1.766666667,Total,608
,1.783333333,Total,614
,1.8,Total,620
,1.816666667,Total,625
,1.833333333,Total,631
,1.85,Total,637
,1.866666667,Total,643
,1.883333333,Total,648
,1.9,Total,654
,1.916666667,Total,660
,1.933333333,Total,666
,1.95,Total,672
,1.966666667,Total,677
,1.983333333,Total,683
,2,Total,689
,2.016666667,Total,695
,2.033333333,Total,700
,2.05,Total,706
,2.066666667,Total,712
,2.083333333,Total,718
,2.1,Total,724
,2.116666667,Total,729
,2.133333333,Total,734
,2.15,Total,740
,2.166666667,Total,746
,2.183333333,Total,751
,2.2,Total,757
,2.216666667,Total,763
,2.233333333,Total,769
,2.25,Total,775
,2.266666667,Total,780
,2.283333333,Total,786
,2.3,Total,792
,2.316666667,Total,798
,2.333333333,Total,803
,2.35,Total,809
,2.366666667,Total,815
,2.383333333,Total,821
,2.4,Total,827
,2.416666667,Total,832
,2.433333333,Total,838
,2.45,Total,844
,2.466666667,Total,850
,2.483333333,Total,855
,2.5,Total,861
,2.516666667,Total,867
,2.533333333,Total,873
,2.55,Total,879
,2.566666667,Total,884
,2.583333333,Total,890
,2.6,Total,896
,2.616666667,Total,902
,2.633333333,Total,907
,2.65,Total,913
,2.666666667,Total,919
,2.683333333,Total,925
,2.7,Total,931
,2.716666667,Total,935
,2.733333333,Total,941
,2.75,Total,947
,2.766666667,Total,953
,2.783333333,Total,958
,2.8,Total,964
,2.816666667,Total,970
,2.833333333,Total,976
,2.85,Total,982
,2.866666667,Total,987
,2.883333333,Total,993
,2.9,Total,999
,2.916666667,Total,1005
,2.933333333,Total,1010
,2.95,Total,1016
,2.966666667,Total,1022
,2.983333333,Total,1028
,3,Total,1034
,3.016666667,Total,1039
,3.033333333,Total,1045
,3.05,Total,1051
,3.066666667,Total,1057
,3.083333333,Total,1063
,3.1,Total,1068
,3.116666667,Total,1074
,3.133333333,Total,1080
,3.15,Total,1086
,3.166666667,Total,1091
,3.183333333,Total,1097
,3.2,Total,1103
,3.216666667,Total,1109
,3.233333333,Total,1115
,3.25,Total,1120
,3.266666667,Total,1126
,3.283333333,Total,1132
,3.3,Total,1137
,3.316666667,Total,1142
,3.333333333,Total,1148
,3.35,Total,1154
,3.366666667,Total,1160
,3.383333333,Total,1166
,3.4,Total,1171
,3.416666667,Total,1177
,3.433333333,Total,1183
,3.45,Total,1189
,3.466666667,Total,1194
,3.483333333,Total,1200
,3.5,Total,1206
,3.516666667,Total,1212
,3.533333333,Total,1218
,3.55,Total,1223
,3.566666667,Total,1229
,3.583333333,Total,1235
,3.6,Total,1241
,3.616666667,Total,1246
,3.633333333,Total,1252
,3.65,Total,1258
,3.666666667,Total,1264
,3.683333333,Total,1270
,3.7,Total,1275
,3.716666667,Total,1277
,3.733333333,Total,1288
,3.75,Total,1289
,3.766666667,Total,1300
,3.783333333,Total,1301
,3.8,Total,1312
,3.816666667,Total,1313
,3.833333333,Total,1324
,3.85,Total,1325
,3.866666667,Total,1336
,3.883333333,Total,1337
,3.9,Total,1347
,3.916666667,Total,1348
,3.933333333,Total,1359
,3.95,Total,1360
,3.966666667,Total,1371
,3.983333333,Total,1372
,4,Total,1383
,4.016666667,Total,1384
,4.033333333,Total,1385
,4.05,Total,1396
,4.066666667,Total,1397
,4.083333333,Total,1408
,4.1,Total,1409
,4.116666667,Total,1420
,4.133333333,Total,1421
,4.15,Total,1432
,4.166666667,Total,1433
,4.183333333,Total,1444
,4.2,Total,1445
,4.216666667,Total,1456
,4.233333333,Total,1457
,4.25,Total,1468
,4.266666667,Total,1469
,4.283333333,Total,1480
,4.3,Total,1481
,4.316666667,Total,1492
,4.333333333,Total,1493
,4.35,Total,1504
,4.366666667,Total,1505
,4.383333333,Total,1516
,4.4,Total,1517
,4.416666667,Total,1518
,4.433333333,Total,1529
,4.45,Total,1530
,4.466666667,Total,1541
,4.483333333,Total,1542
,4.5,Total,1552
,4.516666667,Total,1553
,4.533333333,Total,1564
,4.55,Total,1565
,4.566666667,Total,1576
,4.583333333,Total,1577
,4.6,Total,1588
,4.616666667,Total,1589
,4.633333333,Total,1600
,4.65,Total,1601
,4.666666667,Total,1612
,4.683333333,Total,1613
,4.7,Total,1624
,4.716666667,Total,1625
,4.733333333,Total,1636
,4.75,Total,1637
,4.766666667,Total,1648
,4.783333333,Total,1649
,4.8,Total,1650
,4.816666667,Total,1661
,4.833333333,Total,1662
,4.85,Total,1673
,4.866666667,Total,1674
,4.883333333,Total,1685
,4.9,Total,1686
,4.916666667,Total,1697
,4.933333333,Total,1698
,4.95,Total,1709
,4.966666667,Total,1710
,4.983333333,Total,1721
,5,Total,1722
,5.016666667,Total,1733
,5.033333333,Total,1734
,5.05,Total,1745
,5.066666667,Total,1746
,5.083333333,Total,1757
,5.1,Total,1757
,5.116666667,Total,1768
,5.133333333,Total,1769
,5.15,Total,1780
,5.166666667,Total,1781
,5.183333333,Total,1782
,5.2,Total,1793
,5.216666667,Total,1794
,5.233333333,Total,1805
,5.25,Total,1806
,5.266666667,Total,1817
,5.283333333,Total,1818
,5.3,Total,1829
,5.316666667,Total,1830
,5.333333333,Total,1841
,5.35,Total,1842
,5.366666667,Total,1853
,5.383333333,Total,1854
,5.4,Total,1865
,5.416666667,Total,1866
,5.433333333,Total,1877
,5.45,Total,1878
,5.466666667,Total,1889
,5.483333333,Total,1890
,5.5,Total,1901
,5.516666667,Total,1902
,5.533333333,Total,1913
,5.55,Total,1914
,5.566666667,Total,1915
,5.583333333,Total,1926
,5.6,Total,1927
,5.616666667,Total,1938
,5.633333333,Total,1939
,5.65,Total,1950
,5.666666667,Total,1951
,5.683333333,Total,1962
,5.7,Total,1962
,5.716666667,Total,1973
,5.733333333,Total,1974
,5.75,Total,1985
,5.766666667,Total,1986
,5.783333333,Total,1997
,5.8,Total,1998
,5.816666667,Total,2009
,5.833333333,Total,2010
,5.85,Total,2021
,5.866666667,Total,2022
,5.883333333,Total,2033
,5.9,Total,2034
,5.916666667,Total,2045
,5.933333333,Total,2046
,5.95,Total,2047
,5.966666667,Total,2058
,5.983333333,Total,2059
,6,Total,2070
,6.016666667,Total,2071
,6.033333333,Total,2082
,6.05,Total,2083
,6.066666667,Total,2094
,6.083333333,Total,2095
,6.1,Total,2106
,6.116666667,Total,2107
,6.133333333,Total,2118
,6.15,Total,2119
,6.166666667,Total,2130
,6.183333333,Total,2131
,6.2,Total,2142
,6.216666667,Total,2143
,6.233333333,Total,2154
,6.25,Total,2155
,6.266666667,Total,2166
,6.283333333,Total,2167
,6.3,Total,2178
,6.316666667,Total,2178
,6.333333333,Total,2179
,6.35,Total,2190
,6.366666667,Total,2191
,6.383333333,Total,2202
,6.4,Total,2203
,6.416666667,Total,2214
,6.433333333,Total,2215
,6.45,Total,2226
,6.466666667,Total,2227
,6.483333333,Total,2238
,6.5,Total,2239
,6.516666667,Total,2250
,6.533333333,Total,2251
,6.55,Total,2262
,6.566666667,Total,2263
,6.583333333,Total,2274
,6.6,Total,2275
,6.616666667,Total,2286
,6.633333333,Total,2287
,6.65,Total,2298
,6.666666667,Total,2299
,6.683333333,Total,2310
,6.7,Total,2311
,6.716666667,Total,2312
,6.733333333,Total,2323
,6.75,Total,2324
,6.766666667,Total,2335
,6.783333333,Total,2336
,6.8,Total,2347
,6.816666667,Total,2348
,6.833333333,Total,2359
,6.85,Total,2360
,6.866666667,Total,2371
,6.883333333,Total,2372
,6.9,Total,2383
,6.916666667,Total,2384
,6.933333333,Total,2394
,6.95,Total,2395
,6.966666667,Total,2406
,6.983333333,Total,2407
,7,Total,2418
,7.016666667,Total,2419
,7.033333333,Total,2430
,7.05,Total,2431
,7.066666667,Total,2442
,7.083333333,Total,2443
,7.1,Total,2444
,7.116666667,Total,2455
,7.133333333,Total,2456
,7.15,Total,2467
,7.166666667,Total,2468
,7.183333333,Total,2479
,7.2,Total,2480
,7.216666667,Total,2491
,7.233333333,Total,2492
,7.25,Total,2503
,7.266666667,Total,2504
,7.283333333,Total,2515
,7.3,Total,2516
,7.316666667,Total,2527
,7.333333333,Total,2528
,7.35,Total,2539
,7.366666667,Total,2540
,7.383333333,Total,2551
,7.4,Total,2552
,7.416666667,Total,2563
,7.433333333,Total,2564
,7.45,Total,2575
,7.466666667,Total,2576
,7.483333333,Total,2577
,7.5,Total,2588
,7.516666667,Total,2589
,7.533333333,Total,2600
,7.55,Total,2600
,7.566666667,Total,2611
,7.583333333,Total,2612
,7.6,Total,2623
,7.616666667,Total,2624
,7.633333333,Total,2635
,7.65,Total,2636
,7.666666667,Total,2647
,7.683333333,Total,2648
,7.7,Total,2659
,7.716666667,Total,2660
,7.733333333,Total,2671
,7.75,Total,2672
,7.766666667,Total,2683
,7.783333333,Total,2684
,7.8,Total,2695
,7.816666667,Total,2696
,7.833333333,Total,2707
,7.85,Total,2708
,7.866666667,Total,2709
,7.883333333,Total,2720
,7.9,Total,2721
,7.916666667,Total,2732
,7.933333333,Total,2733
,7.95,Total,2744
,7.966666667,Total,2745
,7.983333333,Total,2756
,8,Total,2757
,8.016666667,Total,2768
,8.033333333,Total,2769
,8.05,Total,2780
,8.066666667,Total,2781
,8.083333333,Total,2792
,8.1,Total,2793
,8.116666667,Total,2804
,8.133333333,Total,2805
,8.15,Total,2816
,8.166666667,Total,2817
,8.183333333,Total,2827
,8.2,Total,2828
,8.216666667,Total,2839
,8.233333333,Total,2840
,8.25,Total,2841
,8.266666667,Total,2852
,8.283333333,Total,2853
,8.3,Total,2864
,8.316666667,Total,2865
,8.333333333,Total,2876
,8.35,Total,2877
,8.366666667,Total,2888
,8.383333333,Total,2889
,8.4,Total,2900
,8.416666667,Total,2901
,8.433333333,Total,2912
,8.45,Total,2913
,8.466666667,Total,2924
,8.483333333,Total,2925
,8.5,Total,2936
,8.516666667,Total,2937
,8.533333333,Total,2948
,8.55,Total,2949
,8.566666667,Total,2960
,8.583333333,Total,2961
,8.6,Total,2972
,8.616666667,Total,2973
,8.633333333,Total,2974
,8.65,Total,2985
,8.666666667,Total,2986
,8.683333333,Total,2997
,8.7,Total,2998
,8.716666667,Total,3009
,8.733333333,Total,3010
,8.75,Total,3021
,8.766666667,Total,3022
,8.783333333,Total,3033
,8.8,Total,3034
,8.816666667,Total,3044
,8.833333333,Total,3045
,8.85,Total,3056
,8.866666667,Total,3057
,8.883333333,Total,3068
,8.9,Total,3069
,8.916666667,Total,3080
,8.933333333,Total,3081
,8.95,Total,3092
,8.966666667,Total,3093
,8.983333333,Total,3104
,9,Total,3105
,9.016666667,Total,3116
,9.033333333,Total,3117
,9.05,Total,3118
,9.066666667,Total,3129
,9.083333333,Total,3130
,9.1,Total,3141
,9.116666667,Total,3142
,9.133333333,Total,3153
,9.15,Total,3154
,9.166666667,Total,3165
,9.183333333,Total,3166
,9.2,Total,3177
,9.216666667,Total,3178
,9.233333333,Total,3189
,9.25,Total,3190
,9.266666667,Total,3201
,9.283333333,Total,3202
,9.3,Total,3213
,9.316666667,Total,3214
,9.333333333,Total,3225
,9.35,Total,3226
,9.366666667,Total,3237
,9.383333333,Total,3238
,9.4,Total,3249
,9.416666667,Total,3250
,9.433333333,Total,3251
,9.45,Total,3261
,9.466666667,Total,3262
,9.483333333,Total,3273
,9.5,Total,3274
,9.516666667,Total,3285
,9.533333333,Total,3286
,9.55,Total,3297
,9.566666667,Total,3298
,9.583333333,Total,3309
,9.6,Total,3310
,9.616666667,Total,3321
,9.633333333,Total,3322
,9.65,Total,3333
,9.666666667,Total,3334
,9.683333333,Total,3345
,9.7,Total,3346
,9.716666667,Total,3357
,9.733333333,Total,3358
,9.75,Total,3369
,9.766666667,Total,3370
,9.783333333,Total,3381
,9.8,Total,3382
,9.816666667,Total,3383
,9.833333333,Total,3394
,9.85,Total,3395
,9.866666667,Total,3406
,9.883333333,Total,3407
,9.9,Total,3418
,9.916666667,Total,3419
,9.933333333,Total,3430
,9.95,Total,3431
,9.966666667,Total,3442
,9.983333333,Total,3443
,10,Total,3454
