Concentration,Time,Type,Uptake
4 uM,0,Oxidized,0
4 uM,0.02,Oxidized,0
4 uM,0.03,Oxidized,0
4 uM,0.05,Oxidized,21.45
4 uM,0.07,Oxidized,59.49
4 uM,0.08,Oxidized,109.8
4 uM,0.1,Oxidized,169.43
4 uM,0.12,Oxidized,236.35
4 uM,0.13,Oxidized,309.09
4 uM,0.15,Oxidized,386.57
4 uM,0.17,Oxidized,467.97
4 uM,0.18,Oxidized,552.65
4 uM,0.2,Oxidized,640.11
4 uM,0.22,Oxidized,729.95
4 uM,0.23,Oxidized,821.85
,0.25,Oxidized,915.54
,0.27,Oxidized,1010.79
,0.28,Oxidized,1107.43
,0.3,Oxidized,1205.3
,0.32,Oxidized,1304.26
,0.33,Oxidized,1404.2
,0.35,Oxidized,1505.03
,0.37,Oxidized,1606.66
,0.38,Oxidized,1709.02
,0.4,Oxidized,1812.03
,0.42,Oxidized,1915.66
,0.43,Oxidized,2019.84
,0.45,Oxidized,2124.53
,0.47,Oxidized,2229.68
,0.48,Oxidized,2335.28
,0.5,Oxidized,2441.28
,0.52,Oxidized,2547.65
,0.53,Oxidized,2654.38
,0.55,Oxidized,2761.43
,0.57,Oxidized,2868.78
,0.58,Oxidized,2976.42
,0.6,Oxidized,3084.32
,0.62,Oxidized,3192.48
,0.63,Oxidized,3300.87
,0.65,Oxidized,3409.49
,0.67,Oxidized,3518.31
,0.68,Oxidized,3627.34
,0.7,Oxidized,3736.55
,0.72,Oxidized,3845.93
,0.73,Oxidized,3955.49
,0.75,Oxidized,4065.2
,0.77,Oxidized,4175.07
,0.78,Oxidized,4285.08
,0.8,Oxidized,4395.23
,0.82,Oxidized,4505.5
,0.83,Oxidized,4615.9
,0.85,Oxidized,4726.42
,0.87,Oxidized,4837.06
,0.88,Oxidized,4947.8
,0.9,Oxidized,5058.64
,0.92,Oxidized,5169.58
,0.93,Oxidized,5280.61
,0.95,Oxidized,5391.74
,0.97,Oxidized,5502.95
,0.98,Oxidized,5614.24
,1,Oxidized,5725.62
,1.02,Oxidized,5837.07
,1.03,Oxidized,5948.59
,1.05,Oxidized,6060.19
,1.07,Oxidized,6171.86
,1.08,Oxidized,6283.59
,1.1,Oxidized,6395.38
,1.12,Oxidized,6507.24
,1.13,Oxidized,6619.16
,1.15,Oxidized,6731.13
,1.17,Oxidized,6843.16
,1.18,Oxidized,6955.24
,1.2,Oxidized,7067.38
,1.22,Oxidized,7179.56
,1.23,Oxidized,7291.79
,1.25,Oxidized,7404.07
,1.27,Oxidized,7516.4
,1.28,Oxidized,7628.77
,1.3,Oxidized,7741.18
,1.32,Oxidized,7853.63
,1.33,Oxidized,7966.12
,1.35,Oxidized,8078.66
,1.37,Oxidized,8191.23
,1.38,Oxidized,8303.83
,1.4,Oxidized,8416.48
,1.42,Oxidized,8529.15
,1.43,Oxidized,8641.87
,1.45,Oxidized,8754.61
,1.47,Oxidized,8867.39
,1.48,Oxidized,8980.19
,1.5,Oxidized,9093.03
,1.52,Oxidized,9205.9
,1.53,Oxidized,9318.8
,1.55,Oxidized,9431.72
,1.57,Oxidized,9544.68
,1.58,Oxidized,9657.66
,1.6,Oxidized,9770.66
,1.62,Oxidized,9883.7
,1.63,Oxidized,9996.75
,1.65,Oxidized,10109.84
,1.67,Oxidized,10222.94
,1.68,Oxidized,10336.08
,1.7,Oxidized,10449.23
,1.72,Oxidized,10562.41
,1.73,Oxidized,10675.61
,1.75,Oxidized,10788.83
,1.77,Oxidized,10902.07
,1.78,Oxidized,11015.33
,1.8,Oxidized,11128.62
,1.82,Oxidized,11241.92
,1.83,Oxidized,11355.25
,1.85,Oxidized,11468.59
,1.87,Oxidized,11581.95
,1.88,Oxidized,11695.34
,1.9,Oxidized,11808.74
,1.92,Oxidized,11922.16
,1.93,Oxidized,12035.6
,1.95,Oxidized,12149.05
,1.97,Oxidized,12262.52
,1.98,Oxidized,12376.01
,2,Oxidized,12489.52
,2.02,Oxidized,12603.05
,2.03,Oxidized,12716.59
,2.05,Oxidized,12830.15
,2.07,Oxidized,12943.72
,2.08,Oxidized,13057.31
,2.1,Oxidized,13170.91
,2.12,Oxidized,13284.53
,2.13,Oxidized,13398.17
,2.15,Oxidized,13511.82
,2.17,Oxidized,13625.49
,2.18,Oxidized,13739.17
,2.2,Oxidized,13852.87
,2.22,Oxidized,13966.58
,2.23,Oxidized,14080.3
,2.25,Oxidized,14194.04
,2.27,Oxidized,14307.79
,2.28,Oxidized,14421.56
,2.3,Oxidized,14535.34
,2.32,Oxidized,14649.14
,2.33,Oxidized,14762.94
,2.35,Oxidized,14876.77
,2.37,Oxidized,14990.6
,2.38,Oxidized,15104.45
,2.4,Oxidized,15218.31
,2.42,Oxidized,15332.18
,2.43,Oxidized,15446.07
,2.45,Oxidized,15559.97
,2.47,Oxidized,15673.88
,2.48,Oxidized,15787.81
,2.5,Oxidized,15901.75
,2.52,Oxidized,16015.7
,2.53,Oxidized,16129.66
,2.55,Oxidized,16243.63
,2.57,Oxidized,16357.62
,2.58,Oxidized,16471.62
,2.6,Oxidized,16585.63
,2.62,Oxidized,16699.65
,2.63,Oxidized,16813.68
,2.65,Oxidized,16927.73
,2.67,Oxidized,17041.79
,2.68,Oxidized,17155.86
,2.7,Oxidized,17269.94
,2.72,Oxidized,17384.03
,2.73,Oxidized,17498.13
,2.75,Oxidized,17612.25
,2.77,Oxidized,17726.37
,2.78,Oxidized,17840.51
,2.8,Oxidized,17954.66
,2.82,Oxidized,18068.82
,2.83,Oxidized,18182.99
,2.85,Oxidized,18297.17
,2.87,Oxidized,18411.36
,2.88,Oxidized,18525.56
,2.9,Oxidized,18639.78
,2.92,Oxidized,18754
,2.93,Oxidized,18868.24
,2.95,Oxidized,18982.48
,2.97,Oxidized,19096.74
,2.98,Oxidized,19211.01
,3,Oxidized,19325.28
,3.02,Oxidized,19439.57
,3.03,Oxidized,19553.87
,3.05,Oxidized,19668.18
,3.07,Oxidized,19782.5
,3.08,Oxidized,19896.83
,3.1,Oxidized,20011.17
,3.12,Oxidized,20125.52
,3.13,Oxidized,20239.88
,3.15,Oxidized,20354.25
,3.17,Oxidized,20468.63
,3.18,Oxidized,20583.02
,3.2,Oxidized,20697.42
,3.22,Oxidized,20811.83
,3.23,Oxidized,20926.25
,3.25,Oxidized,21040.68
,3.27,Oxidized,21155.12
,3.28,Oxidized,21269.57
,3.3,Oxidized,21384.03
,3.32,Oxidized,21498.5
,3.33,Oxidized,21612.98
,3.35,Oxidized,21727.47
,3.37,Oxidized,21841.97
,3.38,Oxidized,21956.47
,3.4,Oxidized,22070.99
,3.42,Oxidized,22185.52
,3.43,Oxidized,22300.06
,3.45,Oxidized,22414.6
,3.47,Oxidized,22529.16
,3.48,Oxidized,22643.73
,3.5,Oxidized,22758.3
,3.52,Oxidized,22872.88
,3.53,Oxidized,22987.48
,3.55,Oxidized,23102.08
,3.57,Oxidized,23216.69
,3.58,Oxidized,23331.32
,3.6,Oxidized,23445.95
,3.62,Oxidized,23560.59
,3.63,Oxidized,23675.24
,3.65,Oxidized,23789.9
,3.67,Oxidized,23904.56
,3.68,Oxidized,24019.24
,3.7,Oxidized,24133.93
,3.72,Oxidized,24248.62
,3.73,Oxidized,24363.33
,3.75,Oxidized,24478.04
,3.77,Oxidized,24592.76
,3.78,Oxidized,24707.49
,3.8,Oxidized,24822.23
,3.82,Oxidized,24936.98
,3.83,Oxidized,25051.74
,3.85,Oxidized,25166.51
,3.87,Oxidized,25281.29
,3.88,Oxidized,25396.07
,3.9,Oxidized,25510.86
,3.92,Oxidized,25625.67
,3.93,Oxidized,25740.48
,3.95,Oxidized,25855.3
,3.97,Oxidized,25970.13
,3.98,Oxidized,26084.97
,4,Oxidized,26199.81
,4.02,Oxidized,26314.67
,4.03,Oxidized,26429.53
,4.05,Oxidized,26544.4
,4.07,Oxidized,26659.28
,4.08,Oxidized,26774.17
,4.1,Oxidized,26889.07
,4.12,Oxidized,27003.98
,4.13,Oxidized,27118.89
,4.15,Oxidized,27233.82
,4.17,Oxidized,27348.75
,4.18,Oxidized,27463.69
,4.2,Oxidized,27578.64
,4.22,Oxidized,27693.6
,4.23,Oxidized,27808.56
,4.25,Oxidized,27923.53
,4.27,Oxidized,28038.52
,4.28,Oxidized,28153.51
,4.3,Oxidized,28268.51
,4.32,Oxidized,28383.52
,4.33,Oxidized,28498.53
,4.35,Oxidized,28613.55
,4.37,Oxidized,28728.59
,4.38,Oxidized,28843.63
,4.4,Oxidized,28958.68
,4.42,Oxidized,29073.73
,4.43,Oxidized,29188.8
,4.45,Oxidized,29303.87
,4.47,Oxidized,29418.95
,4.48,Oxidized,29534.04
,4.5,Oxidized,29649.14
,4.52,Oxidized,29764.24
,4.53,Oxidized,29879.36
,4.55,Oxidized,29994.48
,4.57,Oxidized,30109.61
,4.58,Oxidized,30224.75
,4.6,Oxidized,30339.89
,4.62,Oxidized,30455.05
,4.63,Oxidized,30570.21
,4.65,Oxidized,30685.38
,4.67,Oxidized,30800.55
,4.68,Oxidized,30915.74
,4.7,Oxidized,31030.93
,4.72,Oxidized,31146.13
,4.73,Oxidized,31261.34
,4.75,Oxidized,31376.56
,4.77,Oxidized,31491.78
,4.78,Oxidized,31607.01
,4.8,Oxidized,31722.25
,4.82,Oxidized,31837.5
,4.83,Oxidized,31952.76
,4.85,Oxidized,32068.02
,4.87,Oxidized,32183.29
,4.88,Oxidized,32298.57
,4.9,Oxidized,32413.85
,4.92,Oxidized,32529.15
,4.93,Oxidized,32644.45
,4.95,Oxidized,32759.76
,4.97,Oxidized,32875.07
,4.98,Oxidized,32990.39
,5,Oxidized,33105.73
,5.02,Oxidized,33221.06
,5.03,Oxidized,33336.41
,5.05,Oxidized,33451.76
,5.07,Oxidized,33567.13
,5.08,Oxidized,33682.49
,5.1,Oxidized,33797.87
,5.12,Oxidized,33913.25
,5.13,Oxidized,34028.64
,5.15,Oxidized,34144.04
,5.17,Oxidized,34259.45
,5.18,Oxidized,34374.86
,5.2,Oxidized,34490.28
,5.22,Oxidized,34605.71
,5.23,Oxidized,34721.14
,5.25,Oxidized,34836.58
,5.27,Oxidized,34952.03
,5.28,Oxidized,35067.49
,5.3,Oxidized,35182.95
,5.32,Oxidized,35298.42
,5.33,Oxidized,35413.9
,5.35,Oxidized,35529.39
,5.37,Oxidized,35644.88
,5.38,Oxidized,35760.38
,5.4,Oxidized,35875.89
,5.42,Oxidized,35991.4
,5.43,Oxidized,36106.92
,5.45,Oxidized,36222.45
,5.47,Oxidized,36337.98
,5.48,Oxidized,36453.52
,5.5,Oxidized,36569.07
,5.52,Oxidized,36684.63
,5.53,Oxidized,36800.19
,5.55,Oxidized,36915.76
,5.57,Oxidized,37031.34
,5.58,Oxidized,37146.92
,5.6,Oxidized,37262.51
,5.62,Oxidized,37378.11
,5.63,Oxidized,37493.71
,5.65,Oxidized,37609.32
,5.67,Oxidized,37724.94
,5.68,Oxidized,37840.57
,5.7,Oxidized,37956.2
,5.72,Oxidized,38071.84
,5.73,Oxidized,38187.48
,5.75,Oxidized,38303.13
,5.77,Oxidized,38418.79
,5.78,Oxidized,38534.46
,5.8,Oxidized,38650.13
,5.82,Oxidized,38765.81
,5.83,Oxidized,38881.5
,5.85,Oxidized,38997.19
,5.87,Oxidized,39112.89
,5.88,Oxidized,39228.59
,5.9,Oxidized,39344.3
,5.92,Oxidized,39460.02
,5.93,Oxidized,39575.75
,5.95,Oxidized,39691.48
,5.97,Oxidized,39807.22
,5.98,Oxidized,39922.96
,6,Oxidized,40038.71
,6.02,Oxidized,40154.47
,6.03,Oxidized,40270.24
,6.05,Oxidized,40386.01
,6.07,Oxidized,40501.79
,6.08,Oxidized,40617.57
,6.1,Oxidized,40733.36
,6.12,Oxidized,40849.16
,6.13,Oxidized,40964.96
,6.15,Oxidized,41080.77
,6.17,Oxidized,41196.58
,6.18,Oxidized,41312.41
,6.2,Oxidized,41428.24
,6.22,Oxidized,41544.07
,6.23,Oxidized,41659.91
,6.25,Oxidized,41775.76
,6.27,Oxidized,41891.61
,6.28,Oxidized,42007.47
,6.3,Oxidized,42123.34
,6.32,Oxidized,42239.21
,6.33,Oxidized,42355.09
,6.35,Oxidized,42470.97
,6.37,Oxidized,42586.87
,6.38,Oxidized,42702.76
,6.4,Oxidized,42818.67
,6.42,Oxidized,42934.58
,6.43,Oxidized,43050.49
,6.45,Oxidized,43166.41
,6.47,Oxidized,43282.34
,6.48,Oxidized,43398.27
,6.5,Oxidized,43514.21
,6.52,Oxidized,43630.16
,6.53,Oxidized,43746.11
,6.55,Oxidized,43862.07
,6.57,Oxidized,43978.03
,6.58,Oxidized,44094
,6.6,Oxidized,44209.98
,6.62,Oxidized,44325.96
,6.63,Oxidized,44441.95
,6.65,Oxidized,44557.94
,6.67,Oxidized,44673.94
,6.68,Oxidized,44789.95
,6.7,Oxidized,44905.96
,6.72,Oxidized,45021.98
,6.73,Oxidized,45138
,6.75,Oxidized,45254.03
,6.77,Oxidized,45370.06
,6.78,Oxidized,45486.11
,6.8,Oxidized,45602.15
,6.82,Oxidized,45718.2
,6.83,Oxidized,45834.26
,6.85,Oxidized,45950.33
,6.87,Oxidized,46066.39
,6.88,Oxidized,46182.47
,6.9,Oxidized,46298.55
,6.92,Oxidized,46414.64
,6.93,Oxidized,46530.73
,6.95,Oxidized,46646.83
,6.97,Oxidized,46762.93
,6.98,Oxidized,46879.04
,7,Oxidized,46995.16
,7.02,Oxidized,47111.28
,7.03,Oxidized,47227.4
,7.05,Oxidized,47343.53
,7.07,Oxidized,47459.67
,7.08,Oxidized,47575.81
,7.1,Oxidized,47691.96
,7.12,Oxidized,47808.11
,7.13,Oxidized,47924.27
,7.15,Oxidized,48040.44
,7.17,Oxidized,48156.61
,7.18,Oxidized,48272.78
,7.2,Oxidized,48388.97
,7.22,Oxidized,48505.15
,7.23,Oxidized,48621.34
,7.25,Oxidized,48737.54
,7.27,Oxidized,48853.74
,7.28,Oxidized,48969.95
,7.3,Oxidized,49086.17
,7.32,Oxidized,49202.39
,7.33,Oxidized,49318.61
,7.35,Oxidized,49434.84
,7.37,Oxidized,49551.07
,7.38,Oxidized,49667.31
,7.4,Oxidized,49783.56
,7.42,Oxidized,49899.81
,7.43,Oxidized,50016.07
,7.45,Oxidized,50132.33
,7.47,Oxidized,50248.59
,7.48,Oxidized,50364.87
,7.5,Oxidized,50481.14
,7.52,Oxidized,50597.42
,7.53,Oxidized,50713.71
,7.55,Oxidized,50830
,7.57,Oxidized,50946.3
,7.58,Oxidized,51062.6
,7.6,Oxidized,51178.91
,7.62,Oxidized,51295.22
,7.63,Oxidized,51411.54
,7.65,Oxidized,51527.87
,7.67,Oxidized,51644.19
,7.68,Oxidized,51760.53
,7.7,Oxidized,51876.86
,7.72,Oxidized,51993.21
,7.73,Oxidized,52109.56
,7.75,Oxidized,52225.91
,7.77,Oxidized,52342.27
,7.78,Oxidized,52458.63
,7.8,Oxidized,52575
,7.82,Oxidized,52691.37
,7.83,Oxidized,52807.75
,7.85,Oxidized,52924.13
,7.87,Oxidized,53040.52
,7.88,Oxidized,53156.91
,7.9,Oxidized,53273.31
,7.92,Oxidized,53389.71
,7.93,Oxidized,53506.12
,7.95,Oxidized,53622.53
,7.97,Oxidized,53738.95
,7.98,Oxidized,53855.37
,8,Oxidized,53971.8
,8.02,Oxidized,54088.23
,8.03,Oxidized,54204.67
,8.05,Oxidized,54321.11
,8.07,Oxidized,54437.55
,8.08,Oxidized,54554
,8.1,Oxidized,54670.46
,8.12,Oxidized,54786.92
,8.13,Oxidized,54903.38
,8.15,Oxidized,55019.85
,8.17,Oxidized,55136.33
,8.18,Oxidized,55252.8
,8.2,Oxidized,55369.29
,8.22,Oxidized,55485.78
,8.23,Oxidized,55602.27
,8.25,Oxidized,55718.77
,8.27,Oxidized,55835.27
,8.28,Oxidized,55951.77
,8.3,Oxidized,56068.28
,8.32,Oxidized,56184.8
,8.33,Oxidized,56301.32
,8.35,Oxidized,56417.84
,8.37,Oxidized,56534.37
,8.38,Oxidized,56650.91
,8.4,Oxidized,56767.44
,8.42,Oxidized,56883.99
,8.43,Oxidized,57000.53
,8.45,Oxidized,57117.09
,8.47,Oxidized,57233.64
,8.48,Oxidized,57350.2
,8.5,Oxidized,57466.77
,8.52,Oxidized,57583.34
,8.53,Oxidized,57699.91
,8.55,Oxidized,57816.49
,8.57,Oxidized,57933.07
,8.58,Oxidized,58049.66
,8.6,Oxidized,58166.25
,8.62,Oxidized,58282.84
,8.63,Oxidized,58399.44
,8.65,Oxidized,58516.05
,8.67,Oxidized,58632.65
,8.68,Oxidized,58749.27
,8.7,Oxidized,58865.88
,8.72,Oxidized,58982.5
,8.73,Oxidized,59099.13
,8.75,Oxidized,59215.76
,8.77,Oxidized,59332.39
,8.78,Oxidized,59449.03
,8.8,Oxidized,59565.67
,8.82,Oxidized,59682.32
,8.83,Oxidized,59798.97
,8.85,Oxidized,59915.63
,8.87,Oxidized,60032.28
,8.88,Oxidized,60148.95
,8.9,Oxidized,60265.61
,8.92,Oxidized,60382.29
,8.93,Oxidized,60498.96
,8.95,Oxidized,60615.64
,8.97,Oxidized,60732.32
,8.98,Oxidized,60849.01
,9,Oxidized,60965.7
,9.02,Oxidized,61082.4
,9.03,Oxidized,61199.1
,9.05,Oxidized,61315.8
,9.07,Oxidized,61432.51
,9.08,Oxidized,61549.22
,9.1,Oxidized,61665.94
,9.12,Oxidized,61782.66
,9.13,Oxidized,61899.38
,9.15,Oxidized,62016.11
,9.17,Oxidized,62132.84
,9.18,Oxidized,62249.58
,9.2,Oxidized,62366.32
,9.22,Oxidized,62483.06
,9.23,Oxidized,62599.81
,9.25,Oxidized,62716.56
,9.27,Oxidized,62833.31
,9.28,Oxidized,62950.07
,9.3,Oxidized,63066.83
,9.32,Oxidized,63183.6
,9.33,Oxidized,63300.37
,9.35,Oxidized,63417.15
,9.37,Oxidized,63533.92
,9.38,Oxidized,63650.71
,9.4,Oxidized,63767.49
,9.42,Oxidized,63884.28
,9.43,Oxidized,64001.07
,9.45,Oxidized,64117.87
,9.47,Oxidized,64234.67
,9.48,Oxidized,64351.48
,9.5,Oxidized,64468.28
,9.52,Oxidized,64585.09
,9.53,Oxidized,64701.91
,9.55,Oxidized,64818.73
,9.57,Oxidized,64935.55
,9.58,Oxidized,65052.38
,9.6,Oxidized,65169.21
,9.62,Oxidized,65286.04
,9.63,Oxidized,65402.88
,9.65,Oxidized,65519.72
,9.67,Oxidized,65636.56
,9.68,Oxidized,65753.41
,9.7,Oxidized,65870.26
,9.72,Oxidized,65987.12
,9.73,Oxidized,66103.98
,9.75,Oxidized,66220.84
,9.77,Oxidized,66337.71
,9.78,Oxidized,66454.58
,9.8,Oxidized,66571.45
,9.82,Oxidized,66688.32
,9.83,Oxidized,66805.2
,9.85,Oxidized,66922.09
,9.87,Oxidized,67038.97
,9.88,Oxidized,67155.86
,9.9,Oxidized,67272.76
,9.92,Oxidized,67389.65
,9.93,Oxidized,67506.56
,9.95,Oxidized,67623.46
,9.97,Oxidized,67740.37
,9.98,Oxidized,67857.28
,10,Oxidized,67974.19
,0,Intracellular,0
,0.02,Intracellular,0
,0.03,Intracellular,133.69
,0.05,Intracellular,267.38
,0.07,Intracellular,379.62
,0.08,Intracellular,475.26
,0.1,Intracellular,558.63
,0.12,Intracellular,632.68
,0.13,Intracellular,699.44
,0.15,Intracellular,760.38
,0.17,Intracellular,816.57
,0.18,Intracellular,868.84
,0.2,Intracellular,917.83
,0.22,Intracellular,964.03
,0.23,Intracellular,1007.85
,0.25,Intracellular,1049.61
,0.27,Intracellular,1089.58
,0.28,Intracellular,1127.98
,0.3,Intracellular,1165
,0.32,Intracellular,1200.78
,0.33,Intracellular,1235.46
,0.35,Intracellular,1269.16
,0.37,Intracellular,1301.98
,0.38,Intracellular,1333.99
,0.4,Intracellular,1365.27
,0.42,Intracellular,1395.88
,0.43,Intracellular,1425.89
,0.45,Intracellular,1455.34
,0.47,Intracellular,1484.28
,0.48,Intracellular,1512.74
,0.5,Intracellular,1540.77
,0.52,Intracellular,1568.38
,0.53,Intracellular,1595.63
,0.55,Intracellular,1622.52
,0.57,Intracellular,1649.08
,0.58,Intracellular,1675.33
,0.6,Intracellular,1701.3
,0.62,Intracellular,1726.99
,0.63,Intracellular,1752.44
,0.65,Intracellular,1777.64
,0.67,Intracellular,1802.62
,0.68,Intracellular,1827.39
,0.7,Intracellular,1851.96
,0.72,Intracellular,1876.33
,0.73,Intracellular,1900.53
,0.75,Intracellular,1924.56
,0.77,Intracellular,1948.42
,0.78,Intracellular,1972.13
,0.8,Intracellular,1995.7
,0.82,Intracellular,2019.12
,0.83,Intracellular,2042.41
,0.85,Intracellular,2065.58
,0.87,Intracellular,2088.62
,0.88,Intracellular,2111.55
,0.9,Intracellular,2134.37
,0.92,Intracellular,2157.08
,0.93,Intracellular,2179.69
,0.95,Intracellular,2202.21
,0.97,Intracellular,2224.63
,0.98,Intracellular,2246.97
,1,Intracellular,2269.22
,1.02,Intracellular,2291.38
,1.03,Intracellular,2313.47
,1.05,Intracellular,2335.47
,1.07,Intracellular,2357.41
,1.08,Intracellular,2379.27
,1.1,Intracellular,2401.07
,1.12,Intracellular,2422.8
,1.13,Intracellular,2444.46
,1.15,Intracellular,2466.06
,1.17,Intracellular,2487.61
,1.18,Intracellular,2509.09
,1.2,Intracellular,2530.52
,1.22,Intracellular,2551.9
,1.23,Intracellular,2573.22
,1.25,Intracellular,2594.49
,1.27,Intracellular,2615.71
,1.28,Intracellular,2636.88
,1.3,Intracellular,2658.01
,1.32,Intracellular,2679.09
,1.33,Intracellular,2700.13
,1.35,Intracellular,2721.12
,1.37,Intracellular,2742.07
,1.38,Intracellular,2762.99
,1.4,Intracellular,2783.86
,1.42,Intracellular,2804.69
,1.43,Intracellular,2825.49
,1.45,Intracellular,2846.25
,1.47,Intracellular,2866.98
,1.48,Intracellular,2887.67
,1.5,Intracellular,2908.32
,1.52,Intracellular,2928.94
,1.53,Intracellular,2949.54
,1.55,Intracellular,2970.09
,1.57,Intracellular,2990.62
,1.58,Intracellular,3011.12
,1.6,Intracellular,3031.59
,1.62,Intracellular,3052.03
,1.63,Intracellular,3072.44
,1.65,Intracellular,3092.82
,1.67,Intracellular,3113.17
,1.68,Intracellular,3133.5
,1.7,Intracellular,3153.8
,1.72,Intracellular,3174.08
,1.73,Intracellular,3194.33
,1.75,Intracellular,3214.55
,1.77,Intracellular,3234.75
,1.78,Intracellular,3254.93
,1.8,Intracellular,3275.08
,1.82,Intracellular,3295.21
,1.83,Intracellular,3315.32
,1.85,Intracellular,3335.4
,1.87,Intracellular,3355.47
,1.88,Intracellular,3375.51
,1.9,Intracellular,3395.52
,1.92,Intracellular,3415.52
,1.93,Intracellular,3435.5
,1.95,Intracellular,3455.45
,1.97,Intracellular,3475.38
,1.98,Intracellular,3495.3
,2,Intracellular,3515.19
,2.02,Intracellular,3535.07
,2.03,Intracellular,3554.92
,2.05,Intracellular,3574.76
,2.07,Intracellular,3594.58
,2.08,Intracellular,3614.37
,2.1,Intracellular,3634.15
,2.12,Intracellular,3653.91
,2.13,Intracellular,3673.66
,2.15,Intracellular,3693.38
,2.17,Intracellular,3713.09
,2.18,Intracellular,3732.78
,2.2,Intracellular,3752.45
,2.22,Intracellular,3772.1
,2.23,Intracellular,3791.74
,2.25,Intracellular,3811.36
,2.27,Intracellular,3830.96
,2.28,Intracellular,3850.55
,2.3,Intracellular,3870.12
,2.32,Intracellular,3889.67
,2.33,Intracellular,3909.21
,2.35,Intracellular,3928.73
,2.37,Intracellular,3948.23
,2.38,Intracellular,3967.72
,2.4,Intracellular,3987.2
,2.42,Intracellular,4006.65
,2.43,Intracellular,4026.1
,2.45,Intracellular,4045.52
,2.47,Intracellular,4064.93
,2.48,Intracellular,4084.33
,2.5,Intracellular,4103.71
,2.52,Intracellular,4123.07
,2.53,Intracellular,4142.42
,2.55,Intracellular,4161.76
,2.57,Intracellular,4181.08
,2.58,Intracellular,4200.38
,2.6,Intracellular,4219.67
,2.62,Intracellular,4238.95
,2.63,Intracellular,4258.21
,2.65,Intracellular,4277.46
,2.67,Intracellular,4296.69
,2.68,Intracellular,4315.91
,2.7,Intracellular,4335.11
,2.72,Intracellular,4354.3
,2.73,Intracellular,4373.48
,2.75,Intracellular,4392.64
,2.77,Intracellular,4411.79
,2.78,Intracellular,4430.92
,2.8,Intracellular,4450.04
,2.82,Intracellular,4469.15
,2.83,Intracellular,4488.24
,2.85,Intracellular,4507.32
,2.87,Intracellular,4526.38
,2.88,Intracellular,4545.43
,2.9,Intracellular,4564.47
,2.92,Intracellular,4583.5
,2.93,Intracellular,4602.51
,2.95,Intracellular,4621.51
,2.97,Intracellular,4640.49
,2.98,Intracellular,4659.46
,3,Intracellular,4678.42
,3.02,Intracellular,4697.36
,3.03,Intracellular,4716.29
,3.05,Intracellular,4735.21
,3.07,Intracellular,4754.12
,3.08,Intracellular,4773.01
,3.1,Intracellular,4791.89
,3.12,Intracellular,4810.76
,3.13,Intracellular,4829.61
,3.15,Intracellular,4848.45
,3.17,Intracellular,4867.28
,3.18,Intracellular,4886.09
,3.2,Intracellular,4904.9
,3.22,Intracellular,4923.68
,3.23,Intracellular,4942.46
,3.25,Intracellular,4961.23
,3.27,Intracellular,4979.98
,3.28,Intracellular,4998.72
,3.3,Intracellular,5017.44
,3.32,Intracellular,5036.16
,3.33,Intracellular,5054.86
,3.35,Intracellular,5073.55
,3.37,Intracellular,5092.22
,3.38,Intracellular,5110.89
,3.4,Intracellular,5129.54
,3.42,Intracellular,5148.18
,3.43,Intracellular,5166.81
,3.45,Intracellular,5185.42
,3.47,Intracellular,5204.02
,3.48,Intracellular,5222.61
,3.5,Intracellular,5241.19
,3.52,Intracellular,5259.76
,3.53,Intracellular,5278.31
,3.55,Intracellular,5296.86
,3.57,Intracellular,5315.39
,3.58,Intracellular,5333.9
,3.6,Intracellular,5352.41
,3.62,Intracellular,5370.9
,3.63,Intracellular,5389.39
,3.65,Intracellular,5407.86
,3.67,Intracellular,5426.31
,3.68,Intracellular,5444.76
,3.7,Intracellular,5463.19
,3.72,Intracellular,5481.62
,3.73,Intracellular,5500.03
,3.75,Intracellular,5518.43
,3.77,Intracellular,5536.81
,3.78,Intracellular,5555.19
,3.8,Intracellular,5573.55
,3.82,Intracellular,5591.91
,3.83,Intracellular,5610.25
,3.85,Intracellular,5628.57
,3.87,Intracellular,5646.89
,3.88,Intracellular,5665.2
,3.9,Intracellular,5683.49
,3.92,Intracellular,5701.77
,3.93,Intracellular,5720.04
,3.95,Intracellular,5738.3
,3.97,Intracellular,5756.55
,3.98,Intracellular,5774.79
,4,Intracellular,5793.01
,4.02,Intracellular,5811.23
,4.03,Intracellular,5829.43
,4.05,Intracellular,5847.62
,4.07,Intracellular,5865.8
,4.08,Intracellular,5883.97
,4.1,Intracellular,5902.13
,4.12,Intracellular,5920.27
,4.13,Intracellular,5938.41
,4.15,Intracellular,5956.53
,4.17,Intracellular,5974.64
,4.18,Intracellular,5992.74
,4.2,Intracellular,6010.83
,4.22,Intracellular,6028.91
,4.23,Intracellular,6046.98
,4.25,Intracellular,6065.03
,4.27,Intracellular,6083.08
,4.28,Intracellular,6101.11
,4.3,Intracellular,6119.13
,4.32,Intracellular,6137.14
,4.33,Intracellular,6155.15
,4.35,Intracellular,6173.14
,4.37,Intracellular,6191.11
,4.38,Intracellular,6209.08
,4.4,Intracellular,6227.04
,4.42,Intracellular,6244.98
,4.43,Intracellular,6262.92
,4.45,Intracellular,6280.84
,4.47,Intracellular,6298.76
,4.48,Intracellular,6316.66
,4.5,Intracellular,6334.55
,4.52,Intracellular,6352.43
,4.53,Intracellular,6370.3
,4.55,Intracellular,6388.16
,4.57,Intracellular,6406.01
,4.58,Intracellular,6423.85
,4.6,Intracellular,6441.67
,4.62,Intracellular,6459.49
,4.63,Intracellular,6477.29
,4.65,Intracellular,6495.09
,4.67,Intracellular,6512.87
,4.68,Intracellular,6530.65
,4.7,Intracellular,6548.41
,4.72,Intracellular,6566.16
,4.73,Intracellular,6583.9
,4.75,Intracellular,6601.63
,4.77,Intracellular,6619.35
,4.78,Intracellular,6637.06
,4.8,Intracellular,6654.76
,4.82,Intracellular,6672.45
,4.83,Intracellular,6690.13
,4.85,Intracellular,6707.8
,4.87,Intracellular,6725.46
,4.88,Intracellular,6743.1
,4.9,Intracellular,6760.74
,4.92,Intracellular,6778.37
,4.93,Intracellular,6795.98
,4.95,Intracellular,6813.59
,4.97,Intracellular,6831.18
,4.98,Intracellular,6848.77
,5,Intracellular,6866.34
,5.02,Intracellular,6883.91
,5.03,Intracellular,6901.46
,5.05,Intracellular,6919.01
,5.07,Intracellular,6936.54
,5.08,Intracellular,6954.06
,5.1,Intracellular,6971.58
,5.12,Intracellular,6989.08
,5.13,Intracellular,7006.57
,5.15,Intracellular,7024.06
,5.17,Intracellular,7041.53
,5.18,Intracellular,7058.99
,5.2,Intracellular,7076.44
,5.22,Intracellular,7093.89
,5.23,Intracellular,7111.32
,5.25,Intracellular,7128.74
,5.27,Intracellular,7146.15
,5.28,Intracellular,7163.55
,5.3,Intracellular,7180.95
,5.32,Intracellular,7198.33
,5.33,Intracellular,7215.7
,5.35,Intracellular,7233.06
,5.37,Intracellular,7250.42
,5.38,Intracellular,7267.76
,5.4,Intracellular,7285.09
,5.42,Intracellular,7302.41
,5.43,Intracellular,7319.73
,5.45,Intracellular,7337.03
,5.47,Intracellular,7354.32
,5.48,Intracellular,7371.61
,5.5,Intracellular,7388.88
,5.52,Intracellular,7406.14
,5.53,Intracellular,7423.4
,5.55,Intracellular,7440.64
,5.57,Intracellular,7457.87
,5.58,Intracellular,7475.1
,5.6,Intracellular,7492.31
,5.62,Intracellular,7509.52
,5.63,Intracellular,7526.72
,5.65,Intracellular,7543.9
,5.67,Intracellular,7561.08
,5.68,Intracellular,7578.24
,5.7,Intracellular,7595.4
,5.72,Intracellular,7612.55
,5.73,Intracellular,7629.69
,5.75,Intracellular,7646.82
,5.77,Intracellular,7663.93
,5.78,Intracellular,7681.04
,5.8,Intracellular,7698.14
,5.82,Intracellular,7715.23
,5.83,Intracellular,7732.31
,5.85,Intracellular,7749.39
,5.87,Intracellular,7766.45
,5.88,Intracellular,7783.5
,5.9,Intracellular,7800.54
,5.92,Intracellular,7817.58
,5.93,Intracellular,7834.6
,5.95,Intracellular,7851.62
,5.97,Intracellular,7868.62
,5.98,Intracellular,7885.62
,6,Intracellular,7902.6
,6.02,Intracellular,7919.58
,6.03,Intracellular,7936.55
,6.05,Intracellular,7953.51
,6.07,Intracellular,7970.46
,6.08,Intracellular,7987.4
,6.1,Intracellular,8004.33
,6.12,Intracellular,8021.25
,6.13,Intracellular,8038.16
,6.15,Intracellular,8055.07
,6.17,Intracellular,8071.96
,6.18,Intracellular,8088.85
,6.2,Intracellular,8105.72
,6.22,Intracellular,8122.59
,6.23,Intracellular,8139.45
,6.25,Intracellular,8156.3
,6.27,Intracellular,8173.13
,6.28,Intracellular,8189.97
,6.3,Intracellular,8206.79
,6.32,Intracellular,8223.6
,6.33,Intracellular,8240.4
,6.35,Intracellular,8257.2
,6.37,Intracellular,8273.98
,6.38,Intracellular,8290.76
,6.4,Intracellular,8307.52
,6.42,Intracellular,8324.28
,6.43,Intracellular,8341.03
,6.45,Intracellular,8357.77
,6.47,Intracellular,8374.5
,6.48,Intracellular,8391.23
,6.5,Intracellular,8407.94
,6.52,Intracellular,8424.65
,6.53,Intracellular,8441.34
,6.55,Intracellular,8458.03
,6.57,Intracellular,8474.71
,6.58,Intracellular,8491.38
,6.6,Intracellular,8508.04
,6.62,Intracellular,8524.69
,6.63,Intracellular,8541.33
,6.65,Intracellular,8557.97
,6.67,Intracellular,8574.59
,6.68,Intracellular,8591.21
,6.7,Intracellular,8607.82
,6.72,Intracellular,8624.42
,6.73,Intracellular,8641.01
,6.75,Intracellular,8657.59
,6.77,Intracellular,8674.16
,6.78,Intracellular,8690.73
,6.8,Intracellular,8707.28
,6.82,Intracellular,8723.83
,6.83,Intracellular,8740.37
,6.85,Intracellular,8756.9
,6.87,Intracellular,8773.42
,6.88,Intracellular,8789.93
,6.9,Intracellular,8806.44
,6.92,Intracellular,8822.94
,6.93,Intracellular,8839.42
,6.95,Intracellular,8855.9
,6.97,Intracellular,8872.37
,6.98,Intracellular,8888.83
,7,Intracellular,8905.29
,7.02,Intracellular,8921.73
,7.03,Intracellular,8938.17
,7.05,Intracellular,8954.6
,7.07,Intracellular,8971.02
,7.08,Intracellular,8987.43
,7.1,Intracellular,9003.83
,7.12,Intracellular,9020.23
,7.13,Intracellular,9036.61
,7.15,Intracellular,9052.99
,7.17,Intracellular,9069.36
,7.18,Intracellular,9085.72
,7.2,Intracellular,9102.08
,7.22,Intracellular,9118.42
,7.23,Intracellular,9134.76
,7.25,Intracellular,9151.09
,7.27,Intracellular,9167.41
,7.28,Intracellular,9183.72
,7.3,Intracellular,9200.02
,7.32,Intracellular,9216.32
,7.33,Intracellular,9232.6
,7.35,Intracellular,9248.88
,7.37,Intracellular,9265.15
,7.38,Intracellular,9281.41
,7.4,Intracellular,9297.67
,7.42,Intracellular,9313.92
,7.43,Intracellular,9330.15
,7.45,Intracellular,9346.38
,7.47,Intracellular,9362.61
,7.48,Intracellular,9378.82
,7.5,Intracellular,9395.03
,7.52,Intracellular,9411.22
,7.53,Intracellular,9427.41
,7.55,Intracellular,9443.59
,7.57,Intracellular,9459.77
,7.58,Intracellular,9475.93
,7.6,Intracellular,9492.09
,7.62,Intracellular,9508.24
,7.63,Intracellular,9524.38
,7.65,Intracellular,9540.52
,7.67,Intracellular,9556.64
,7.68,Intracellular,9572.76
,7.7,Intracellular,9588.87
,7.72,Intracellular,9604.97
,7.73,Intracellular,9621.07
,7.75,Intracellular,9637.15
,7.77,Intracellular,9653.23
,7.78,Intracellular,9669.3
,7.8,Intracellular,9685.36
,7.82,Intracellular,9701.42
,7.83,Intracellular,9717.47
,7.85,Intracellular,9733.51
,7.87,Intracellular,9749.54
,7.88,Intracellular,9765.56
,7.9,Intracellular,9781.58
,7.92,Intracellular,9797.59
,7.93,Intracellular,9813.59
,7.95,Intracellular,9829.58
,7.97,Intracellular,9845.56
,7.98,Intracellular,9861.54
,8,Intracellular,9877.51
,8.02,Intracellular,9893.47
,8.03,Intracellular,9909.43
,8.05,Intracellular,9925.37
,8.07,Intracellular,9941.31
,8.08,Intracellular,9957.24
,8.1,Intracellular,9973.17
,8.12,Intracellular,9989.08
,8.13,Intracellular,10004.99
,8.15,Intracellular,10020.89
,8.17,Intracellular,10036.79
,8.18,Intracellular,10052.67
,8.2,Intracellular,10068.55
,8.22,Intracellular,10084.42
,8.23,Intracellular,10100.29
,8.25,Intracellular,10116.14
,8.27,Intracellular,10131.99
,8.28,Intracellular,10147.83
,8.3,Intracellular,10163.66
,8.32,Intracellular,10179.49
,8.33,Intracellular,10195.31
,8.35,Intracellular,10211.12
,8.37,Intracellular,10226.92
,8.38,Intracellular,10242.72
,8.4,Intracellular,10258.51
,8.42,Intracellular,10274.29
,8.43,Intracellular,10290.06
,8.45,Intracellular,10305.83
,8.47,Intracellular,10321.59
,8.48,Intracellular,10337.34
,8.5,Intracellular,10353.09
,8.52,Intracellular,10368.82
,8.53,Intracellular,10384.55
,8.55,Intracellular,10400.28
,8.57,Intracellular,10415.99
,8.58,Intracellular,10431.7
,8.6,Intracellular,10447.4
,8.62,Intracellular,10463.09
,8.63,Intracellular,10478.78
,8.65,Intracellular,10494.46
,8.67,Intracellular,10510.13
,8.68,Intracellular,10525.8
,8.7,Intracellular,10541.45
,8.72,Intracellular,10557.1
,8.73,Intracellular,10572.75
,8.75,Intracellular,10588.38
,8.77,Intracellular,10604.01
,8.78,Intracellular,10619.63
,8.8,Intracellular,10635.25
,8.82,Intracellular,10650.86
,8.83,Intracellular,10666.46
,8.85,Intracellular,10682.05
,8.87,Intracellular,10697.64
,8.88,Intracellular,10713.22
,8.9,Intracellular,10728.79
,8.92,Intracellular,10744.35
,8.93,Intracellular,10759.91
,8.95,Intracellular,10775.46
,8.97,Intracellular,10791.01
,8.98,Intracellular,10806.54
,9,Intracellular,10822.07
,9.02,Intracellular,10837.6
,9.03,Intracellular,10853.11
,9.05,Intracellular,10868.62
,9.07,Intracellular,10884.13
,9.08,Intracellular,10899.62
,9.1,Intracellular,10915.11
,9.12,Intracellular,10930.59
,9.13,Intracellular,10946.07
,9.15,Intracellular,10961.53
,9.17,Intracellular,10976.99
,9.18,Intracellular,10992.45
,9.2,Intracellular,11007.9
,9.22,Intracellular,11023.34
,9.23,Intracellular,11038.77
,9.25,Intracellular,11054.2
,9.27,Intracellular,11069.62
,9.28,Intracellular,11085.03
,9.3,Intracellular,11100.44
,9.32,Intracellular,11115.83
,9.33,Intracellular,11131.23
,9.35,Intracellular,11146.61
,9.37,Intracellular,11161.99
,9.38,Intracellular,11177.37
,9.4,Intracellular,11192.73
,9.42,Intracellular,11208.09
,9.43,Intracellular,11223.44
,9.45,Intracellular,11238.79
,9.47,Intracellular,11254.13
,9.48,Intracellular,11269.46
,9.5,Intracellular,11284.79
,9.52,Intracellular,11300.11
,9.53,Intracellular,11315.42
,9.55,Intracellular,11330.72
,9.57,Intracellular,11346.02
,9.58,Intracellular,11361.32
,9.6,Intracellular,11376.6
,9.62,Intracellular,11391.88
,9.63,Intracellular,11407.15
,9.65,Intracellular,11422.42
,9.67,Intracellular,11437.68
,9.68,Intracellular,11452.93
,9.7,Intracellular,11468.18
,9.72,Intracellular,11483.42
,9.73,Intracellular,11498.65
,9.75,Intracellular,11513.88
,9.77,Intracellular,11529.1
,9.78,Intracellular,11544.32
,9.8,Intracellular,11559.52
,9.82,Intracellular,11574.73
,9.83,Intracellular,11589.92
,9.85,Intracellular,11605.11
,9.87,Intracellular,11620.29
,9.88,Intracellular,11635.47
,9.9,Intracellular,11650.64
,9.92,Intracellular,11665.8
,9.93,Intracellular,11680.95
,9.95,Intracellular,11696.1
,9.97,Intracellular,11711.25
,9.98,Intracellular,11726.39
,10,Intracellular,11741.52
,0,Total,0
,0.016666667,Total,0
,0.033333333,Total,133.69
,0.05,Total,288.83
,0.066666667,Total,439.11
,0.083333333,Total,585.06
,0.1,Total,728.06
,0.116666667,Total,869.03
,0.133333333,Total,1008.53
,0.15,Total,1146.95
,0.166666667,Total,1284.54
,0.183333333,Total,1421.49
,0.2,Total,1557.94
,0.216666667,Total,1693.98
,0.233333333,Total,1829.7
,0.25,Total,1965.15
,0.266666667,Total,2100.37
,0.283333333,Total,2235.41
,0.3,Total,2370.3
,0.316666667,Total,2505.04
,0.333333333,Total,2639.66
,0.35,Total,2774.19
,0.366666667,Total,2908.64
,0.383333333,Total,3043.01
,0.4,Total,3177.3
,0.416666667,Total,3311.54
,0.433333333,Total,3445.73
,0.45,Total,3579.87
,0.466666667,Total,3713.96
,0.483333333,Total,3848.02
,0.5,Total,3982.05
,0.516666667,Total,4116.03
,0.533333333,Total,4250.01
,0.55,Total,4383.95
,0.566666667,Total,4517.86
,0.583333333,Total,4651.75
,0.6,Total,4785.62
,0.616666667,Total,4919.47
,0.633333333,Total,5053.31
,0.65,Total,5187.13
,0.666666667,Total,5320.93
,0.683333333,Total,5454.73
,0.7,Total,5588.51
,0.716666667,Total,5722.26
,0.733333333,Total,5856.02
,0.75,Total,5989.76
,0.766666667,Total,6123.49
,0.783333333,Total,6257.21
,0.8,Total,6390.93
,0.816666667,Total,6524.62
,0.833333333,Total,6658.31
,0.85,Total,6792
,0.866666667,Total,6925.68
,0.883333333,Total,7059.35
,0.9,Total,7193.01
,0.916666667,Total,7326.66
,0.933333333,Total,7460.3
,0.95,Total,7593.95
,0.966666667,Total,7727.58
,0.983333333,Total,7861.21
,1,Total,7994.84
,1.016666667,Total,8128.45
,1.033333333,Total,8262.06
,1.05,Total,8395.66
,1.066666667,Total,8529.27
,1.083333333,Total,8662.86
,1.1,Total,8796.45
,1.116666667,Total,8930.04
,1.133333333,Total,9063.62
,1.15,Total,9197.19
,1.166666667,Total,9330.77
,1.183333333,Total,9464.33
,1.2,Total,9597.9
,1.216666667,Total,9731.46
,1.233333333,Total,9865.01
,1.25,Total,9998.56
,1.266666667,Total,10132.11
,1.283333333,Total,10265.65
,1.3,Total,10399.19
,1.316666667,Total,10532.72
,1.333333333,Total,10666.25
,1.35,Total,10799.78
,1.366666667,Total,10933.3
,1.383333333,Total,11066.82
,1.4,Total,11200.34
,1.416666667,Total,11333.84
,1.433333333,Total,11467.36
,1.45,Total,11600.86
,1.466666667,Total,11734.37
,1.483333333,Total,11867.86
,1.5,Total,12001.35
,1.516666667,Total,12134.84
,1.533333333,Total,12268.34
,1.55,Total,12401.81
,1.566666667,Total,12535.3
,1.583333333,Total,12668.78
,1.6,Total,12802.25
,1.616666667,Total,12935.73
,1.633333333,Total,13069.19
,1.65,Total,13202.66
,1.666666667,Total,13336.11
,1.683333333,Total,13469.58
,1.7,Total,13603.03
,1.716666667,Total,13736.49
,1.733333333,Total,13869.94
,1.75,Total,14003.38
,1.766666667,Total,14136.82
,1.783333333,Total,14270.26
,1.8,Total,14403.7
,1.816666667,Total,14537.13
,1.833333333,Total,14670.57
,1.85,Total,14803.99
,1.866666667,Total,14937.42
,1.883333333,Total,15070.85
,1.9,Total,15204.26
,1.916666667,Total,15337.68
,1.933333333,Total,15471.1
,1.95,Total,15604.5
,1.966666667,Total,15737.9
,1.983333333,Total,15871.31
,2,Total,16004.71
,2.016666667,Total,16138.12
,2.033333333,Total,16271.51
,2.05,Total,16404.91
,2.066666667,Total,16538.3
,2.083333333,Total,16671.68
,2.1,Total,16805.06
,2.116666667,Total,16938.44
,2.133333333,Total,17071.83
,2.15,Total,17205.2
,2.166666667,Total,17338.58
,2.183333333,Total,17471.95
,2.2,Total,17605.32
,2.216666667,Total,17738.68
,2.233333333,Total,17872.04
,2.25,Total,18005.4
,2.266666667,Total,18138.75
,2.283333333,Total,18272.11
,2.3,Total,18405.46
,2.316666667,Total,18538.81
,2.333333333,Total,18672.15
,2.35,Total,18805.5
,2.366666667,Total,18938.83
,2.383333333,Total,19072.17
,2.4,Total,19205.51
,2.416666667,Total,19338.83
,2.433333333,Total,19472.17
,2.45,Total,19605.49
,2.466666667,Total,19738.81
,2.483333333,Total,19872.14
,2.5,Total,20005.46
,2.516666667,Total,20138.77
,2.533333333,Total,20272.08
,2.55,Total,20405.39
,2.566666667,Total,20538.7
,2.583333333,Total,20672
,2.6,Total,20805.3
,2.616666667,Total,20938.6
,2.633333333,Total,21071.89
,2.65,Total,21205.19
,2.666666667,Total,21338.48
,2.683333333,Total,21471.77
,2.7,Total,21605.05
,2.716666667,Total,21738.33
,2.733333333,Total,21871.61
,2.75,Total,22004.89
,2.766666667,Total,22138.16
,2.783333333,Total,22271.43
,2.8,Total,22404.7
,2.816666667,Total,22537.97
,2.833333333,Total,22671.23
,2.85,Total,22804.49
,2.866666667,Total,22937.74
,2.883333333,Total,23070.99
,2.9,Total,23204.25
,2.916666667,Total,23337.5
,2.933333333,Total,23470.75
,2.95,Total,23603.99
,2.966666667,Total,23737.23
,2.983333333,Total,23870.47
,3,Total,24003.7
,3.016666667,Total,24136.93
,3.033333333,Total,24270.16
,3.05,Total,24403.39
,3.066666667,Total,24536.62
,3.083333333,Total,24669.84
,3.1,Total,24803.06
,3.116666667,Total,24936.28
,3.133333333,Total,25069.49
,3.15,Total,25202.7
,3.166666667,Total,25335.91
,3.183333333,Total,25469.11
,3.2,Total,25602.32
,3.216666667,Total,25735.51
,3.233333333,Total,25868.71
,3.25,Total,26001.91
,3.266666667,Total,26135.1
,3.283333333,Total,26268.29
,3.3,Total,26401.47
,3.316666667,Total,26534.66
,3.333333333,Total,26667.84
,3.35,Total,26801.02
,3.366666667,Total,26934.19
,3.383333333,Total,27067.36
,3.4,Total,27200.53
,3.416666667,Total,27333.7
,3.433333333,Total,27466.87
,3.45,Total,27600.02
,3.466666667,Total,27733.18
,3.483333333,Total,27866.34
,3.5,Total,27999.49
,3.516666667,Total,28132.64
,3.533333333,Total,28265.79
,3.55,Total,28398.94
,3.566666667,Total,28532.08
,3.583333333,Total,28665.22
,3.6,Total,28798.36
,3.616666667,Total,28931.49
,3.633333333,Total,29064.63
,3.65,Total,29197.76
,3.666666667,Total,29330.87
,3.683333333,Total,29464
,3.7,Total,29597.12
,3.716666667,Total,29730.24
,3.733333333,Total,29863.36
,3.75,Total,29996.47
,3.766666667,Total,30129.57
,3.783333333,Total,30262.68
,3.8,Total,30395.78
,3.816666667,Total,30528.89
,3.833333333,Total,30661.99
,3.85,Total,30795.08
,3.866666667,Total,30928.18
,3.883333333,Total,31061.27
,3.9,Total,31194.35
,3.916666667,Total,31327.44
,3.933333333,Total,31460.52
,3.95,Total,31593.6
,3.966666667,Total,31726.68
,3.983333333,Total,31859.76
,4,Total,31992.82
,4.016666667,Total,32125.9
,4.033333333,Total,32258.96
,4.05,Total,32392.02
,4.066666667,Total,32525.08
,4.083333333,Total,32658.14
,4.1,Total,32791.2
,4.116666667,Total,32924.25
,4.133333333,Total,33057.3
,4.15,Total,33190.35
,4.166666667,Total,33323.39
,4.183333333,Total,33456.43
,4.2,Total,33589.47
,4.216666667,Total,33722.51
,4.233333333,Total,33855.54
,4.25,Total,33988.56
,4.266666667,Total,34121.6
,4.283333333,Total,34254.62
,4.3,Total,34387.64
,4.316666667,Total,34520.66
,4.333333333,Total,34653.68
,4.35,Total,34786.69
,4.366666667,Total,34919.7
,4.383333333,Total,35052.71
,4.4,Total,35185.72
,4.416666667,Total,35318.71
,4.433333333,Total,35451.72
,4.45,Total,35584.71
,4.466666667,Total,35717.71
,4.483333333,Total,35850.7
,4.5,Total,35983.69
,4.516666667,Total,36116.67
,4.533333333,Total,36249.66
,4.55,Total,36382.64
,4.566666667,Total,36515.62
,4.583333333,Total,36648.6
,4.6,Total,36781.56
,4.616666667,Total,36914.54
,4.633333333,Total,37047.5
,4.65,Total,37180.47
,4.666666667,Total,37313.42
,4.683333333,Total,37446.39
,4.7,Total,37579.34
,4.716666667,Total,37712.29
,4.733333333,Total,37845.24
,4.75,Total,37978.19
,4.766666667,Total,38111.13
,4.783333333,Total,38244.07
,4.8,Total,38377.01
,4.816666667,Total,38509.95
,4.833333333,Total,38642.89
,4.85,Total,38775.82
,4.866666667,Total,38908.75
,4.883333333,Total,39041.67
,4.9,Total,39174.59
,4.916666667,Total,39307.52
,4.933333333,Total,39440.43
,4.95,Total,39573.35
,4.966666667,Total,39706.25
,4.983333333,Total,39839.16
,5,Total,39972.07
,5.016666667,Total,40104.97
,5.033333333,Total,40237.87
,5.05,Total,40370.77
,5.066666667,Total,40503.67
,5.083333333,Total,40636.55
,5.1,Total,40769.45
,5.116666667,Total,40902.33
,5.133333333,Total,41035.21
,5.15,Total,41168.1
,5.166666667,Total,41300.98
,5.183333333,Total,41433.85
,5.2,Total,41566.72
,5.216666667,Total,41699.6
,5.233333333,Total,41832.46
,5.25,Total,41965.32
,5.266666667,Total,42098.18
,5.283333333,Total,42231.04
,5.3,Total,42363.9
,5.316666667,Total,42496.75
,5.333333333,Total,42629.6
,5.35,Total,42762.45
,5.366666667,Total,42895.3
,5.383333333,Total,43028.14
,5.4,Total,43160.98
,5.416666667,Total,43293.81
,5.433333333,Total,43426.65
,5.45,Total,43559.48
,5.466666667,Total,43692.3
,5.483333333,Total,43825.13
,5.5,Total,43957.95
,5.516666667,Total,44090.77
,5.533333333,Total,44223.59
,5.55,Total,44356.4
,5.566666667,Total,44489.21
,5.583333333,Total,44622.02
,5.6,Total,44754.82
,5.616666667,Total,44887.63
,5.633333333,Total,45020.43
,5.65,Total,45153.22
,5.666666667,Total,45286.02
,5.683333333,Total,45418.81
,5.7,Total,45551.6
,5.716666667,Total,45684.39
,5.733333333,Total,45817.17
,5.75,Total,45949.95
,5.766666667,Total,46082.72
,5.783333333,Total,46215.5
,5.8,Total,46348.27
,5.816666667,Total,46481.04
,5.833333333,Total,46613.81
,5.85,Total,46746.58
,5.866666667,Total,46879.34
,5.883333333,Total,47012.09
,5.9,Total,47144.84
,5.916666667,Total,47277.6
,5.933333333,Total,47410.35
,5.95,Total,47543.1
,5.966666667,Total,47675.84
,5.983333333,Total,47808.58
,6,Total,47941.31
,6.016666667,Total,48074.05
,6.033333333,Total,48206.79
,6.05,Total,48339.52
,6.066666667,Total,48472.25
,6.083333333,Total,48604.97
,6.1,Total,48737.69
,6.116666667,Total,48870.41
,6.133333333,Total,49003.12
,6.15,Total,49135.84
,6.166666667,Total,49268.54
,6.183333333,Total,49401.26
,6.2,Total,49533.96
,6.216666667,Total,49666.66
,6.233333333,Total,49799.36
,6.25,Total,49932.06
,6.266666667,Total,50064.74
,6.283333333,Total,50197.44
,6.3,Total,50330.13
,6.316666667,Total,50462.81
,6.333333333,Total,50595.49
,6.35,Total,50728.17
,6.366666667,Total,50860.85
,6.383333333,Total,50993.52
,6.4,Total,51126.19
,6.416666667,Total,51258.86
,6.433333333,Total,51391.52
,6.45,Total,51524.18
,6.466666667,Total,51656.84
,6.483333333,Total,51789.5
,6.5,Total,51922.15
,6.516666667,Total,52054.81
,6.533333333,Total,52187.45
,6.55,Total,52320.1
,6.566666667,Total,52452.74
,6.583333333,Total,52585.38
,6.6,Total,52718.02
,6.616666667,Total,52850.65
,6.633333333,Total,52983.28
,6.65,Total,53115.91
,6.666666667,Total,53248.53
,6.683333333,Total,53381.16
,6.7,Total,53513.78
,6.716666667,Total,53646.4
,6.733333333,Total,53779.01
,6.75,Total,53911.62
,6.766666667,Total,54044.22
,6.783333333,Total,54176.84
,6.8,Total,54309.43
,6.816666667,Total,54442.03
,6.833333333,Total,54574.63
,6.85,Total,54707.23
,6.866666667,Total,54839.81
,6.883333333,Total,54972.4
,6.9,Total,55104.99
,6.916666667,Total,55237.58
,6.933333333,Total,55370.15
,6.95,Total,55502.73
,6.966666667,Total,55635.3
,6.983333333,Total,55767.87
,7,Total,55900.45
,7.016666667,Total,56033.01
,7.033333333,Total,56165.57
,7.05,Total,56298.13
,7.066666667,Total,56430.69
,7.083333333,Total,56563.24
,7.1,Total,56695.79
,7.116666667,Total,56828.34
,7.133333333,Total,56960.88
,7.15,Total,57093.43
,7.166666667,Total,57225.97
,7.183333333,Total,57358.5
,7.2,Total,57491.05
,7.216666667,Total,57623.57
,7.233333333,Total,57756.1
,7.25,Total,57888.63
,7.266666667,Total,58021.15
,7.283333333,Total,58153.67
,7.3,Total,58286.19
,7.316666667,Total,58418.71
,7.333333333,Total,58551.21
,7.35,Total,58683.72
,7.366666667,Total,58816.22
,7.383333333,Total,58948.72
,7.4,Total,59081.23
,7.416666667,Total,59213.73
,7.433333333,Total,59346.22
,7.45,Total,59478.71
,7.466666667,Total,59611.2
,7.483333333,Total,59743.69
,7.5,Total,59876.17
,7.516666667,Total,60008.64
,7.533333333,Total,60141.12
,7.55,Total,60273.59
,7.566666667,Total,60406.07
,7.583333333,Total,60538.53
,7.6,Total,60671
,7.616666667,Total,60803.46
,7.633333333,Total,60935.92
,7.65,Total,61068.39
,7.666666667,Total,61200.83
,7.683333333,Total,61333.29
,7.7,Total,61465.73
,7.716666667,Total,61598.18
,7.733333333,Total,61730.63
,7.75,Total,61863.06
,7.766666667,Total,61995.5
,7.783333333,Total,62127.93
,7.8,Total,62260.36
,7.816666667,Total,62392.79
,7.833333333,Total,62525.22
,7.85,Total,62657.64
,7.866666667,Total,62790.06
,7.883333333,Total,62922.47
,7.9,Total,63054.89
,7.916666667,Total,63187.3
,7.933333333,Total,63319.71
,7.95,Total,63452.11
,7.966666667,Total,63584.51
,7.983333333,Total,63716.91
,8,Total,63849.31
,8.016666667,Total,63981.7
,8.033333333,Total,64114.1
,8.05,Total,64246.48
,8.066666667,Total,64378.86
,8.083333333,Total,64511.24
,8.1,Total,64643.63
,8.116666667,Total,64776
,8.133333333,Total,64908.37
,8.15,Total,65040.74
,8.166666667,Total,65173.12
,8.183333333,Total,65305.47
,8.2,Total,65437.84
,8.216666667,Total,65570.2
,8.233333333,Total,65702.56
,8.25,Total,65834.91
,8.266666667,Total,65967.26
,8.283333333,Total,66099.6
,8.3,Total,66231.94
,8.316666667,Total,66364.29
,8.333333333,Total,66496.63
,8.35,Total,66628.96
,8.366666667,Total,66761.29
,8.383333333,Total,66893.63
,8.4,Total,67025.95
,8.416666667,Total,67158.28
,8.433333333,Total,67290.59
,8.45,Total,67422.92
,8.466666667,Total,67555.23
,8.483333333,Total,67687.54
,8.5,Total,67819.86
,8.516666667,Total,67952.16
,8.533333333,Total,68084.46
,8.55,Total,68216.77
,8.566666667,Total,68349.06
,8.583333333,Total,68481.36
,8.6,Total,68613.65
,8.616666667,Total,68745.93
,8.633333333,Total,68878.22
,8.65,Total,69010.51
,8.666666667,Total,69142.78
,8.683333333,Total,69275.07
,8.7,Total,69407.33
,8.716666667,Total,69539.6
,8.733333333,Total,69671.88
,8.75,Total,69804.14
,8.766666667,Total,69936.4
,8.783333333,Total,70068.66
,8.8,Total,70200.92
,8.816666667,Total,70333.18
,8.833333333,Total,70465.43
,8.85,Total,70597.68
,8.866666667,Total,70729.92
,8.883333333,Total,70862.17
,8.9,Total,70994.4
,8.916666667,Total,71126.64
,8.933333333,Total,71258.87
,8.95,Total,71391.1
,8.966666667,Total,71523.33
,8.983333333,Total,71655.55
,9,Total,71787.77
,9.016666667,Total,71920
,9.033333333,Total,72052.21
,9.05,Total,72184.42
,9.066666667,Total,72316.64
,9.083333333,Total,72448.84
,9.1,Total,72581.05
,9.116666667,Total,72713.25
,9.133333333,Total,72845.45
,9.15,Total,72977.64
,9.166666667,Total,73109.83
,9.183333333,Total,73242.03
,9.2,Total,73374.22
,9.216666667,Total,73506.4
,9.233333333,Total,73638.58
,9.25,Total,73770.76
,9.266666667,Total,73902.93
,9.283333333,Total,74035.1
,9.3,Total,74167.27
,9.316666667,Total,74299.43
,9.333333333,Total,74431.6
,9.35,Total,74563.76
,9.366666667,Total,74695.91
,9.383333333,Total,74828.08
,9.4,Total,74960.22
,9.416666667,Total,75092.37
,9.433333333,Total,75224.51
,9.45,Total,75356.66
,9.466666667,Total,75488.8
,9.483333333,Total,75620.94
,9.5,Total,75753.07
,9.516666667,Total,75885.2
,9.533333333,Total,76017.33
,9.55,Total,76149.45
,9.566666667,Total,76281.57
,9.583333333,Total,76413.7
,9.6,Total,76545.81
,9.616666667,Total,76677.92
,9.633333333,Total,76810.03
,9.65,Total,76942.14
,9.666666667,Total,77074.24
,9.683333333,Total,77206.34
,9.7,Total,77338.44
,9.716666667,Total,77470.54
,9.733333333,Total,77602.63
,9.75,Total,77734.72
,9.766666667,Total,77866.81
,9.783333333,Total,77998.9
,9.8,Total,78130.97
,9.816666667,Total,78263.05
,9.833333333,Total,78395.12
,9.85,Total,78527.2
,9.866666667,Total,78659.26
,9.883333333,Total,78791.33
,9.9,Total,78923.4
,9.916666667,Total,79055.45
,9.933333333,Total,79187.51
,9.95,Total,79319.56
,9.966666667,Total,79451.62
,9.983333333,Total,79583.67
,10,Total,79715.71
